nombre,run,0,correo,nombre_usuario,contrasena,telefono_contacto,puntos,codigo_agenda,etiqueta,codigo_reserva,fecha,monto,cantidad_personas
"Sara Quiñones Huerta",0,1,,,u61QZJrt,,2916,,"Salida con Amigos",536567,2025-03-23,1440000,10
,2773700,5,,,zDZTZtbHPkk6Iq2K,"+56 2 0534 2773",9359,70888,"Cena de Trabajo",,2025-10-04,166000,
"Francisco Vigil Trejo",2868429,10,,,2TA8HtCoV9K,"+56 9 5837 1650",9192,,"Salida con Amigos",536628,2025-02-20,,
"Clemente Ledesma Arroyo",0,10,,Clementearroyo,bv94adhTTH,"+56 2 9630 2628",8183,63802,"Salida con Amigos",,,99000,1
,0,9,,,NjrfJM0hfF2JHvcz,"+56 9 7783 8226",5239,62800,,537316,2025/07/23,346000,2
,16462509,5,,,ufZ5GDeEX,"+56 2 6537 4610",8967,,Aniversario,537686,2025-07-17,501000,
"Carla Lomeli Roldán",0,10,,caloro,KOeOdXukZ95Rrk,,3625,65696,,537759,2025/07/01,141000,1
,29549611,8,,elargu,fYm2HRY1Yg6rwBtu,"+56 2 4608 0138",,,"Salida con Familia",,2026-08-29,750000,5
"Sr. Graciela Delgado Olvera",26469080,3,,,76jYHRKNTrUqq,"+56 2 1473 6274",,,"Salida con Amigos",537984,2025/02/25,1336000,
,10228588,10,,isalza,Zi5CZkssokRt1,,7544,67250,"Salida con Familia",538084,2026-03-20,1984000,
"Claudio Reynoso Ramón",0,10,,clrera,oH0i32f2uK3BX8t,,,62896,"Cena de Trabajo",538157,2025-01-05,-1584000,8
"Irene Covarrubias Salcido",2093710,10,,ircosa,,"+56 2 5399 5503",9972,71850,,,2025-09-16,3552000,8
"Adela Alarcón Chávez",16808276,2,,adalch,,+56-2-8267-5751,,65752,"Salida con Familia",,2025-02-19,52000,
"Ángela Gaitán Ceballos",0,7,,Ángelaceballos,ZuNG3bS9HIgw8,,6376,,"Salida con Amigos",538486,2025-12-03,,3
"Miguel Ángel Cantú Gaona",3082985,9,,Miguelgaona,,,4022,71582,Aniversario,,,312000,3
,0,2,,alejandra912,J8mnjcVZT2gxv,,3460,,"Salida con Amigos",538540,2025-04-29,-1737000,9
"Raquel Arteaga Trujillo",4431126,7,,,lCwPXBH05w,"+56 2 8967 9371",6246,,Vacaciones,538560,2025-03-13,,
"Sr. Barbara Jasso Ledesma",7471817,5,,,,"+56 2 7700 8097",7947,,Aniversario,538589,2025-02-25,999000,
"Luis Miguel Pedraza Madrid",0,8,,luis6147,VY84EXPtPoUP7Snb,"+56 2 3042 1949",4624,,"Salida con Amigos",,,804000,6
"Amalia Gaitán Lucio",29770867,10,,amalia8441,vUykFg4jnG2PWAM9,"+56 2 4040 3738",839,67033,,538788,,,7
,5287740,7,,gldeca,,"+56 2 9557 0667",5706,67002,"Salida con Amigos",,,875000,7
,9631571,6,,Martínmojica,OQWWjCjDa4Aaf3Lb,,,71907,"Cena de Trabajo",539222,2025-01-09,291000,
"Raúl Mendoza Berríos",0,3,,,,,9907,67924,Aniversario,539429,2025-08-19,216000,4
,21672229,9,,Óscarvalles,Or03Ikv2MKSG,+56-2-7458-9539,7993,,"Cena de Trabajo",,2025-06-03,,7
"Ana María Candelaria Borrego",0,6,,ana6814,M691dd1hZWoJ0,,9181,66219,Aniversario,,2025-06-16,,5
,5896581,2,,,xflMB0k4HP,"+56 2 9460 7491",9513,66987,,,2025-02-25,-1001000,7
"Elsa Valenzuela Casas",15408215,8,,elvaca,,+56-9-4994-7606,,64702,"Cena de Trabajo",,2025-07-09,,8
,29714278,10,,nibaza,1rEDl3fDhkR,,,61841,"Cena de Trabajo",539698,,57000,1
,4212864,3,,juhosa,yYpHQHa1z6k,,,68136,,539886,2025-07-24,1450000,10
,19925623,10,,Irenerolón,06lTAiWzA3SZ,,9886,,"Salida con Amigos",539916,2025-11-26,1310000,10
,26904753,4,,anqupo,Cb6HRiCntmc,,1038,63989,Vacaciones,539961,2025-09-26,,
"Sr. Inés Cantú Burgos",11291439,10,,sr.3966,,"+56 2 0269 9393",4489,68724,"Salida con Amigos",,,,6
,27090471,8,,sr.3737,hqL3S7iSap,"+56 2 0443 9490",443,,,540292,,2212000,7
"Elisa Espinal Beltrán",15391657,8,,elesbe,,+56-2-3154-1433,4818,,,540355,2025-08-19,,7
"Gabriel Almanza Benítez",15661113,1,,,f9PihuWzAyInrdYR,,,61864,Aniversario,,2025-06-20,1638000,6
"Sr. Ana Luisa Fajardo Llamas",11363388,3,,,p6KQKYuaSW0FL6D,,1374,,"Salida con Amigos",541203,2025-07-05,1288000,
,594013,10,,Sra.león,,"+56 9 1754 0976",1130,,"Salida con Familia",541246,2025-06-20,-690000,5
,8449061,10,,Sr.polanco,4DVHMV9wvWt2V3FK,"+56 2 6307 4194",,,"Salida con Amigos",541361,,1765000,5
"Joaquín Romero Gallegos",19183013,10,,,,"+56 2 5788 0388",9675,70327,"Salida con Amigos",541574,2025/11/17,,
"Marisol Toro Duarte",7552607,5,,Marisolduarte,gPI7D3EF,,6451,,"Cena de Trabajo",541754,2025-08-03,,
"Norma Muñiz Abeyta",0,10,,,I8sfNO9PuB7gJEm,"+56 2 3021 7553",,67509,,541957,2025-01-07,-756000,3
"Ramiro Ayala Correa",16532544,3,,,u7irjEg7p,+56-9-0506-2356,7890,70812,,542014,2025-03-14,,
,0,10,,Maríamoya,5KpX72ieDPBU,"+56 9 2189 8335",7794,70336,"Salida con Amigos",,2025-04-14,,9
"Patricio Hidalgo Collado",8546676,3,,patricio783,,"+56 2 8938 3699",2071,70191,,542134,2025-03-21,,
"Mercedes Alicea Ayala",21598373,10,,,AbDuWijGh4xb,"+56 2 5782 8935",8847,61279,"Salida con Amigos",,2025/05/17,,
"Mercedes Alicea Ayala",21598373,10,,mercedes574,,,8847,61279,"Salida con Amigos",542182,,86000,2
"César Zayas Burgos",11999010,6,,Césarburgos,DSnsM0sD,,,69201,,542191,,328000,2
"Carlota Rocha Agosto",6281654,10,,Carlotaagosto,,+56-9-5673-5004,505,,"Cena de Trabajo",,2025-09-20,-1260000,9
,28658356,10,,sergio656,4UanmYeao4x1Vm,"+56 9 3676 1718",7858,69198,"Cena de Trabajo",542379,2025-07-14,,
"Lorena Carrion Varela",0,6,,lorena8807,haXouFI4d25,"+56 9 0744 3416",5945,64825,,542466,,,7
"Marcos Delrío Gaona",6163899,7,,marcos301,,,345,70592,Aniversario,542501,2025/07/12,,
"Ernesto Terrazas Cano",15364904,10,,erteca,WRWdwoxWEm0lg0KK,"+56 2 3328 5120",,63746,Aniversario,,2025/04/09,192000,
"Sta. José Eduardo Montañez Fonseca",15228351,2,,Sta.fonseca,wqzkMrM9wCN9,,,70001,,542648,,-456000,6
"Mariano Tejada Razo",20579260,10,,,znQGIcUW9P,"+56 2 0344 4807",1949,68804,"Salida con Amigos",542681,,854000,
"Pablo Saldivar Correa",8488975,10,,pasaco,aq64l09Ut0VXk,"+56 2 7005 6906",,69481,,,2026-06-21,254000,
"Martín Tovar Trujillo",0,8,,matotr,7Ffc3MELhV3QgT,,6116,,,543094,2025-08-10,440000,5
"Raquel Acosta Toledo",20411338,6,,,dqVwt2OQQoSF0l,,3124,67106,Vacaciones,,,3096000,9
,20523287,7,,,pPLFMb349mrcYV,,6287,70274,Vacaciones,543117,,1393000,7
"Sta. Rocio Franco Preciado",0,10,,sta.5223,8Zmet8YCL6IOr,"+56 9 0067 4304",,65467,,543198,2025/07/14,3640000,
,13638182,2,,Ernestoarredondo,,,1019,62642,"Cena de Trabajo",543327,,504000,3
"Sr. Pedro Tafoya Angulo",7127261,3,,sr.4222,OFbkmkK4PlBTd,"+56 9 8688 8947",6268,,,543464,,3101000,
"Lucia Barrientos Nieves",6270268,10,,lubani,Y1cHmGlVPG1Yu8,"+56 9 2991 8288",2360,,Aniversario,,2025-01-13,,3
,0,5,,irene1466,,,2078,63735,Aniversario,543496,2025/01/04,-1072000,8
,5329459,6,,elvira6944,QcIo7N3B,+56-9-4151-4288,1645,61183,,543642,,-732000,
,729128,10,,,2dznBSPTlo,"+56 2 6903 8597",3290,67280,"Salida con Familia",543683,,,9
"Marcos Zamudio Moya",7973731,3,,,J382S8pZvWECkYe,"+56 9 8861 3070",5517,64724,"Cena de Trabajo",,2025-12-06,,
"Mariana Nieves Chacón",13447297,10,,,0wg4xUKh9erG,"+56 9 4144 0328",4916,66470,"Salida con Familia",,,748000,4
"Claudia Navarro Caldera",8406616,10,,clnaca,U0Sqt64tNzr8ue,,,70282,Aniversario,544035,2025/08/30,99000,
,0,9,,emcoto,i7NVVaMBvRCr29R,"+56 2 8287 8156",543,,"Salida con Amigos",,2026-05-11,375000,5
"Joaquín Escobar Valadez",607980,6,,joesva,,+56-9-3830-3008,,69463,"Cena de Trabajo",544348,2025-01-04,,
,477889,10,,barale,HahUY728hMDIwK,"+56 2 6075 2033",2284,61746,Aniversario,544410,2025-01-21,,
"Barbara Rael León",477889,8,,,HahUY728hMDIwK,"+56 2 6075 2033",2284,61746,Aniversario,544413,,,
"Ricardo Ulloa Matías",0,10,,riulma,oJre6LR7O,,1054,63482,"Cena de Trabajo",,2026-05-10,171000,
"Ana María Barajas Ávalos",0,4,,Anaávalos,Nyw3aPrlSGm,"+56 9 6955 2310",,62096,"Salida con Familia",,,1180000,10
,6421634,1,,,ScF8y3rWX,"+56 9 7433 0428",8478,70768,Aniversario,,2026-01-24,,9
"Anita Padrón Ruiz",0,2,,Anitaruiz,oRzsTvBAa5iA3d,,3663,,Vacaciones,544903,2025/01/04,,2
"Ana María Bonilla Zúñiga",0,9,,,p7e3tYcAmULBc,+56-9-6903-0045,6021,70099,,544940,2025-09-16,420000,
"Sra. Bernardo Nevárez Mojica",0,10,,srbenemo,2J7TfxLd,"+56 2 3406 2416",2540,,Aniversario,545084,2026-05-14,903000,
"Carolina Acuña Arroyo",10827112,4,,carolina5048,oGY4J1zIBt6r,"+56 9 6428 3233",266,69775,"Salida con Amigos",,,,
"Alfredo Parra Granados",9124446,2,,,m4nhGvFBjAwUR9M,"+56 2 4248 9581",5599,67747,,545496,2025-11-07,,
"Sta. Diego Miranda Huerta",22439598,10,,stdimihu,,"+56 2 0417 2708",9647,71443,Vacaciones,,2025-05-12,104000,
"Hernán Saucedo Canales",17203840,9,,,,"+56 2 3401 2905",3824,65746,,545821,2026-08-30,812000,
"Sra. Adán Lemus Gollum",16714056,4,,sradlego,awW1w2hozzsT3395,,3476,70172,,545850,,,3
,22255490,10,,,,"+56 2 8393 3626",5686,68512,"Salida con Amigos",,2025-01-30,3429000,9
"Hernán Mares Delagarza",0,10,,hemade,isOohePril9XoY,"+56 2 6562 9632",4391,,,545924,,1480000,10
"Elsa Treviño León",0,10,,eltrle,zJ8PoZPjIf0qt,,1399,,"Cena de Trabajo",546034,2025-01-30,2412000,9
"Andrés Sosa Trejo",0,10,,andrés1649,,"+56 9 0419 7956",3383,69638,,546159,2025-12-10,750000,5
"Arturo Pelayo Melgar",10986958,10,,Arturomelgar,,"+56 9 0472 2384",667,,Vacaciones,546324,,-447000,3
"Sta. Mariana Vega Raya",12534752,5,,sta.2876,,+56-2-9681-4326,,,,546541,2025-12-18,2550000,10
"Lorena Ulibarri Almonte",0,10,,lorena8282,,"+56 9 7938 4498",5480,69265,,546589,2025-05-21,-435000,5
"Leticia Rivero Nájera",0,2,,leriná,rr1IXFMH,+56-9-3580-0802,9727,61577,,,2025-01-18,,3
"Norma Méndez Olivo",28215990,2,,,EOvOjPaAUL9J,+56-2-4206-5844,5512,71552,"Cena de Trabajo",,,,3
"Cristobal Zambrano Sosa",0,6,,,,"+56 2 5467 5559",5738,70414,"Cena de Trabajo",546936,2025-01-13,1134000,
,23583229,1,,Rosaliagranado,eSxrM3wc5OGd,"+56 9 9641 7393",2866,71412,,,2025/01/26,,9
"Salvador Aparicio Paz",23108084,10,,Salvadorpaz,,"+56 2 4600 6715",,71351,"Salida con Amigos",,2026-03-05,2262000,6
"Sra. Gregorio Padilla Valles",13885167,2,,srgrpava,,"+56 9 2915 6231",3224,66703,,547493,,680000,
"Sr. Natalia Arteaga Llamas",0,7,,,CDVTW5wK33zsr7X,"+56 9 3887 9376",6960,,Aniversario,547560,2025-01-05,,1
,11305831,5,,,,"+56 9 9954 9328",,66434,"Cena de Trabajo",547667,2025/11/02,1488000,6
"Antonia Cazares Ayala",10801640,10,,,uq8n3pZO,"+56 2 2737 5437",5328,62707,"Salida con Amigos",,2025/06/19,,9
"Marta Zúñiga Juárez",0,10,,Martajuárez,,"+56 2 3162 9106",6767,63810,"Salida con Familia",,,832000,8
,28180936,9,,ispari,wsQUB1h7GBx,+56-9-6057-2042,3974,,"Salida con Familia",547994,,,10
"Homero Ojeda Ávila",0,10,,homero7815,Pm8nV5PPc9Z0Sdm,+56-9-1926-1848,4831,70587,,548016,2026-01-17,308000,
"Antonia Cazares Ayala",10801640,10,,Antoniaayala,,+56-2-2737-5437,5328,62707,,548026,,240000,
"Teodoro Benavídez de Jesús",10688578,8,,Teodorojesús,,+56-2-0417-3365,4490,71002,Aniversario,,,,7
"Rubén Tamez Matos",10081941,4,,rubén9128,,,8232,66107,Aniversario,,2025-09-10,668000,
,0,6,,maricarmen3282,,"+56 2 9836 8397",1496,66302,Aniversario,548524,,644000,4
"Juan Carlos Gallardo Mora",26145070,4,,jucagamo,3qKDO7GxbXisYA,"+56 2 6944 8994",,,"Salida con Familia",,,239000,1
"Ester Tirado Mendoza",0,1,,ester4996,,,5447,,"Salida con Amigos",548645,2025-01-09,-400000,10
"Daniel Tirado Alejandro",28793645,1,,,Du0PEvF8xauscpg,"+56 2 1589 9653",4350,,,548711,2025-11-16,765000,
"Sr. Cristian Bermúdez Delao",9977043,10,,sr.1330,X45mLZyspjJHM,"+56 9 0323 1858",7615,,,548717,,392000,
,1391823,6,,srrodufu,,"+56 2 0885 6400",,,"Salida con Familia",548878,2026-02-14,791000,7
"Sr. Rosa Dávila Carrera",0,4,,srrodáca,okWhX4ksKgULylNz,"+56 2 8373 2245",,67592,"Salida con Amigos",,2025-11-15,2004000,
,13793165,10,,,nPBXr34ZGd,,8262,72206,"Salida con Amigos",548982,2025-03-29,258000,3
"Rafael Caraballo Gallardo",12657234,10,,racaga,2gR7TULQlKZwjLzk,,,62811,Vacaciones,549059,2025-04-26,,9
,8005200,6,,,QHdoSDorj3,,9330,,Vacaciones,549081,2025-01-26,440000,8
,583921,1,,,yueSds32U6TlD0L,+56-9-1793-1318,9563,62174,"Salida con Familia",549103,2025-03-05,,
,14537785,4,,grpelo,lZJO9JmCQPXm,"+56 9 6682 7456",,62326,,549309,2025-02-17,228000,
"Luisa Almaraz Merino",0,10,,lualme,NHJu5a0vu,+56-9-8595-7798,8668,,Vacaciones,549423,,910000,10
"Adela Sarabia Alvarado",0,3,,Adelaalvarado,XrsBSk89Lnz,,2687,70438,,,2025-02-05,1197000,9
"Reina Carranza Olivo",27137015,6,,,,"+56 9 1002 8705",,62260,Vacaciones,549595,2025-01-05,,10
"Benjamín Enríquez Piña",25905105,10,,benjamín9940,,,2615,70987,Aniversario,,2025-03-30,720000,2
"Cristobal Murillo Montez",0,10,,Cristobalmontez,gOXdrpEyfJLx7C0M,"+56 2 7124 9685",735,71511,,549767,,212000,2
"Andrea Ornelas Angulo",0,6,,Andreaangulo,,"+56 2 1393 5003",,72206,,550071,2025/02/01,1064000,8
"Sr. Santiago Méndez Barrios",0,10,,sr.4536,AJe2wcnKOM1,"+56 9 2610 3088",,72016,,550132,2025-12-07,712000,8
,0,10,,pasaza,pYZHpMiL5mIb,,3748,68661,"Cena de Trabajo",550162,2025-02-20,159000,1
,17612433,4,,dorotea5174,YkIuOqZjY0Q2QI,+56-9-3360-1534,,64823,"Cena de Trabajo",550212,,-920000,
"Lourdes Benavides Abrego",0,8,,lourdes2806,,,1720,66621,Vacaciones,550298,2025-12-03,-218000,
"Sr. Carlos Curiel Portillo",0,3,,,RGIkm6dkmL5gAdAQ,"+56 2 0535 7152",160,64453,,550301,2025-05-14,,4
,3321021,10,,srcacupo,,+56-2-0535-7152,160,64453,Aniversario,550304,2025-06-06,,4
,4288224,10,,dacaga,,,4241,62890,Aniversario,550465,2025-11-14,257000,
"Amalia Burgos Hurtado",0,2,,ambuhu,BWh5rp2lZQgmEb,,5471,69730,"Cena de Trabajo",550472,2025/03/28,,
,5262164,10,,soozga,,,3174,63692,"Salida con Amigos",550498,,954000,9
"Sta. Mariano Agosto Ávalos",21235927,10,,,phbHj22DA2v,"+56 2 7801 2152",2882,,"Salida con Familia",550552,2025-02-01,,
"Sergio Ureña Torres",0,2,,sergio353,kvlvc8Dt2EE,"+56 2 5709 3307",,,Vacaciones,550633,2025-08-02,552000,
"Micaela Oquendo Páez",24586073,10,,mioqpá,Pi319U4irhL,,3175,,,550666,2025/07/09,,1
"Micaela Oquendo Páez",24586073,10,,mioqpá,Pi319U4irhL,"+56 9 1905 3605",,,Aniversario,,,141000,1
"Sr. Conchita Cornejo Contreras",13155675,10,,Sr.contreras,,,5674,66685,"Salida con Familia",550854,,1071000,7
"Sra. Eduardo Almanza Pizarro",12721625,8,,sredalpi,KAyScXuqLybK6Hx6,"+56 9 2351 4278",,,,550937,2025-03-20,,8
"Mayte Partida Sanches",8005720,10,,mapasa,,"+56 2 3024 0476",1973,69541,,551122,2025-06-05,,8
"Anita Zamudio Aponte",12270429,7,,anita6070,,+56-9-6141-7562,2264,68300,,551131,,-1488000,
"Cristina Acuña Batista",22195736,10,,cracba,j7y7qYfG49kvKr4,,,66742,"Salida con Amigos",,2026-02-06,363000,3
"Josefina Negrón Fajardo",20961743,10,,,USDEBxxV0,"+56 2 6587 0525",,,"Salida con Amigos",551319,2025-06-28,1675000,5
"Raquel Calderón Fonseca",17543585,10,,racafo,nG7HZtwpVQ6G5pEU,"+56 2 5900 6593",9825,,"Salida con Amigos",,,860000,5
"Sta. David Regalado Olvera",0,4,,,p9FT5oD1X9yN99,"+56 2 4397 1637",1146,65435,,551527,2025-04-09,-1320000,
"Sergio Ureña Torres",12675167,10,,,kvlvc8Dt2EE,"+56 2 5709 3307",9863,66536,Vacaciones,551747,,2512000,
"Sta. María Cristina Baca Romo",12018990,10,,,hdZu58wmSDWET,"+56 2 1786 8670",3334,68883,,551749,2025/02/21,,6
"Ángela Vela Aragón",12138923,10,,Ángelaaragón,,"+56 9 7523 5090",6476,70100,"Salida con Amigos",551796,,190000,
"Concepción Arellano Aponte",24821851,10,,concepción6426,GV2VNkscDlsDP2Xg,"+56 2 2245 8820",3087,69176,,551846,,,6
,19633058,5,,Sr.estrada,MtOroM4P,,9062,62383,,552424,2025-06-17,,4
,19635968,10,,Josefinarobledo,1Fppu7KkGW,"+56 9 6828 0215",,,Vacaciones,552526,2025-12-11,460000,
,19393479,10,,,FcLImU429niLe8Ho,,1159,71046,Vacaciones,552588,2025-04-01,2982000,7
,8005200,6,,Claudiayáñez,QHdoSDorj3,"+56 9 9379 3069",9330,72077,"Cena de Trabajo",,,-147000,
,29290081,10,,fecafe,,"+56 9 5919 4468",5033,65818,"Cena de Trabajo",552625,2025/05/14,,5
"Catalina Nájera Franco",0,8,,,35O0KtnTJ2xkE,"+56 2 6033 6344",4879,,"Salida con Familia",552643,2025-11-01,,9
"César Guzmán Blanco",5765019,10,,cégubl,5MN4Lh3e,"+56 2 1654 9655",2795,69036,,,2025-03-26,,6
"Sr. Adriana Perales Esquibel",26459627,10,,,rNLeOA4aE,"+56 2 4023 7760",2492,,"Cena de Trabajo",,2025/06/27,,2
"Ricardo Delatorre Mascareñas",0,6,,Ricardomascareñas,,"+56 9 2667 8049",,68571,"Cena de Trabajo",,2025-03-27,-1584000,9
"Adán Sanches Lozano",18259580,10,,,,+56-2-9133-5951,6859,65116,"Salida con Familia",553165,2025/12/08,,2
"Rosa Acuña Sáenz",0,7,,roacsá,OiMBtRrAw3eUd6jB,"+56 9 6612 0040",7548,,"Salida con Familia",,,338000,2
,0,8,,,Y9foNq16DEnEh58l,,3249,70801,"Salida con Familia",553375,2025/12/02,224000,4
,4272403,10,,srdamaca,eimpYdCySP5cRt5,,5838,,"Cena de Trabajo",553419,2025-08-25,1086000,6
"Leticia Valencia Loera",18526352,5,,levalo,u8FN6x79u,+56-2-5072-2989,,,Aniversario,,,1800000,9
,5252566,7,,Víctormaya,7Rmac93dAs,"+56 2 6929 0240",,71343,,553590,2025-03-12,,5
"Marcos Mares Casares",0,2,,marcos3023,9O5VcwAy,+56-2-1447-1435,,,"Salida con Amigos",553806,,158000,2
"Timoteo Dueñas Pabón",9632174,10,,Timoteopabón,3rRVs4SeHzBoJfOA,,,,,553955,2025-05-17,684000,4
"Marta Benítez Alarcón",0,2,,Martaalarcón,Bov8gk2OU5Y,"+56 2 0892 5487",1751,65226,Vacaciones,,,,9
,0,8,,sr.4631,PycpKAD4tGeKEyTX,"+56 9 8555 7984",517,70755,Aniversario,554192,,1270000,
"Elena Cotto Orozco",0,9,,elena8190,2KbM4Pg3kPLl,,1768,,Vacaciones,554226,,1290000,10
"Cristina Matos Baca",22154843,10,,,,"+56 2 3861 0924",3125,68382,,554331,2025/05/29,163000,1
"Sr. Armando Solorzano Laboy",16641052,5,,srarsola,2TAlLqhR,,6548,61813,,,2025/02/01,123000,
,16641052,5,,srarsola,2TAlLqhR,"+56 9 8695 8424",6548,61813,,554716,2025-01-31,,
"Luz Pantoja Arellano",0,10,,luz1278,ulEShXnbwRrV30,,244,70029,Aniversario,554782,2026-07-25,,
,924432,10,,sr.4631,PycpKAD4tGeKEyTX,"+56 9 8555 7984",517,62733,Aniversario,554875,2025-05-16,,
,924432,8,,sr.4631,PycpKAD4tGeKEyTX,,,62733,,554884,2025-01-13,2496000,6
"Sofia Escobar Delapaz",0,3,,soesde,HXFa3ypSk,,6756,68223,"Salida con Amigos",554904,,315000,
"Rubén Sanabria Posada",0,10,,rubén6341,oouk1Nk1qrHN5iPU,,6179,65586,"Salida con Amigos",554916,2025/10/05,,7
"César Guzmán Blanco",5765019,10,,cégubl,5MN4Lh3e,"+56 2 1654 9655",,,,555151,2025-01-20,308000,2
"Hernán Sotelo Bañuelos",29218558,10,,hesoba,,"+56 2 3166 2589",1421,68361,,,2026-01-31,252000,6
,29803292,9,,Diegobarajas,,"+56 2 4029 1434",,70680,,555269,2025-06-19,204000,4
,17130861,5,,,5domIG7OJBxujXBo,"+56 9 8969 0186",9455,63511,,,2025-02-11,725000,5
,29811944,7,,,,"+56 9 5262 6919",4614,63271,"Cena de Trabajo",555553,,852000,6
,23419291,4,,Sta.hernández,KQd6WbT8lPVl,,8342,71960,"Cena de Trabajo",555664,2025-03-05,,
"Alfonso Rodríguez Castro",468611,10,,alroca,,"+56 2 6264 3144",,,Aniversario,555789,2025-06-18,,9
"Ramiro Rendón Quintana",0,7,,rarequ,eOn5UW1wL6zUua,"+56 2 4412 7682",,,"Salida con Familia",555850,2025-06-18,978000,
"Sta. Claudio Domínquez Valadez",26473212,3,,sta.1118,,"+56 9 9034 6625",9760,63805,,556039,,,7
,10081941,4,,rubén9128,,"+56 9 9274 2641",8232,,,556163,2026-01-12,558000,2
"Rubén Tamez Matos",0,4,,rubén9128,,"+56 9 9274 2641",8232,66107,Aniversario,,2026-07-24,398000,
"Ramiro Ayala Correa",16532544,3,,,,+56-9-0506-2356,7890,,,556206,2025-06-12,512000,4
"Barbara Lucero Gonzales",0,5,,barbara1730,3h4dAgjwiWPU,,,67693,Vacaciones,556234,,-682000,2
"Gabriel Almanza Benítez",15661113,1,,gaalbe,,+56-9-1455-4588,,62634,"Salida con Familia",556291,2025-02-09,,
,23937176,10,,,DItqC4199,"+56 2 4929 5074",1488,,Vacaciones,556487,,128000,2
"Arturo Vélez Adorno",16332607,10,,Arturoadorno,,"+56 9 0594 8940",254,,Vacaciones,556581,2025-07-25,644000,
"Vicente Villaseñor Ceja",4291583,1,,vivice,mCE8PzIGQXMzmW7l,+56-9-5105-0897,,68386,"Cena de Trabajo",,,,2
"Irene Tapia Urrutia",13461735,7,,irene8534,lGvsc1c1v9IDI,"+56 2 7230 6854",6679,,Vacaciones,556681,,,
"Antonio Matías Baeza",0,10,,antonio6568,,"+56 2 0517 2384",9999,,"Salida con Familia",556729,2026-02-22,784000,7
"Catalina Leiva Estévez",4168258,2,,,,+56-2-5106-8443,,61340,"Salida con Amigos",556817,2025-07-20,1392000,
,27301303,2,,alberto5890,GyKQi5OnMV,"+56 9 8256 2283",7360,62324,,,,576000,3
,11005195,6,,,,"+56 9 9854 3312",120,,"Salida con Amigos",557077,2025-11-06,1480000,5
,544962,10,,,384lq8JLpo,"+56 9 5575 2218",5239,70880,Aniversario,,2025-10-05,432000,3
,28084105,6,,rosalia5283,9W9N42A4tggqUhA,,,71769,,557188,2025-04-07,450000,6
"Diana Saldivar Roybal",26741114,10,,,,+56-9-6364-5867,,71603,"Cena de Trabajo",557196,2025-02-04,,7
"Sra. Olivia Paz Saldivar",0,4,,sra.6196,gb83Ua7Xd1A3BP2e,,6782,,Aniversario,,2025-02-02,2224000,8
"Jacobo Lucio Treviño",16107423,10,,jacobo9649,,"+56 2 6367 2113",2104,71364,"Salida con Familia",,2025-03-08,,8
,20530106,2,,maría3064,,"+56 2 7135 8417",3980,65027,Vacaciones,557478,,880000,
"María Cristina Ávalos Pizarro",0,2,,,4KiW3OKk0IMGUfC,"+56 2 2987 3635",5313,66012,"Cena de Trabajo",,2025-01-04,,5
"Irene Tapia Urrutia",13461735,7,,irene8534,,,6679,,Vacaciones,557665,2025-01-20,1940000,
"Gabriel Almanza Benítez",15661113,1,,,,"+56 9 1455 4588",5287,,"Salida con Familia",557680,2025-01-05,,5
"Elisa Espinal Beltrán",15391657,8,,,iWqmwX35g,"+56 2 3154 1433",4818,,"Salida con Amigos",557755,2026/02/08,,
"Gloria Serrato Velásquez",10988517,10,,gloria3464,pHS6lFol73knk,,8107,70585,,,2025-02-28,372000,4
"María Ojeda Chapa",18951189,10,,,aeXwHI0AbH0Vq,"+56 9 5918 8785",8800,64873,"Salida con Familia",,2025-01-22,505000,
,10333237,10,,sta.8356,,"+56 2 2554 9219",1035,,"Salida con Amigos",558176,2025-01-03,292000,
,28487908,2,,jeagma,Wx1fSlxei7D,,9534,62503,,558392,2025/04/29,440000,
,14633209,9,,sta.2543,,,5062,63412,,558411,2025-01-06,120000,2
,10622797,7,,Josézelaya,,+56-9-2313-4418,3174,,"Cena de Trabajo",558422,2025-02-20,,6
"Armando Malave Urrutia",0,5,,Armandourrutia,prCgkSekC3YxQ6Tf,+56-9-1896-2738,5050,,"Salida con Amigos",558456,,-1710000,
"Lucas Fernández Samaniego",7444408,3,,lufesa,h810wpVgQrM,"+56 2 1067 3787",,,,,2025-02-19,165000,1
"Carlota Padilla Martínez",15526704,6,,Carlotamartínez,,"+56 2 1009 5221",,65336,"Salida con Familia",558611,2026-03-22,,
"Andrés Quintanilla Romero",0,10,,Andrésromero,,"+56 9 9194 4124",,68322,"Salida con Familia",558618,,351000,3
"Sr. Ángela Ortiz Montalvo",4244658,10,,,MTD6Fb4mKOW,"+56 9 1847 9616",9922,,"Cena de Trabajo",558677,,,9
"Lorenzo Collazo Rosales",0,9,,lorenzo3262,ru4C1g1qGWx,+56-9-2387-6161,,,"Cena de Trabajo",558791,2025/02/18,792000,
"Salvador Guajardo Villanueva",0,10,,saguvi,eICOwZEQ2eq0,"+56 9 6223 9171",990,64954,,558868,2025-01-17,,3
"Guadalupe Castro Centeno",2310759,10,,Guadalupecenteno,2jWJu8VsFP3fATD,,,65698,Aniversario,559213,,450000,9
"Nicolás Torres Ybarra",26381791,10,,Nicolásybarra,,+56-9-9713-3558,4922,66294,"Salida con Amigos",,2025-08-05,,10
"Sra. Lourdes Longoria Téllez",27433169,10,,,KmS7KFsC4Fg6Wtq,,7993,71086,,559326,2026/06/12,873000,3
"Daniel Ríos Cazares",12477385,10,,Danielcazares,D1r9m21WNM5SJW,,4517,62266,"Salida con Familia",559543,,48000,
,14838265,4,,isabel6644,CyipY4bib8,"+56 2 0273 3936",384,69702,"Salida con Amigos",,,,9
,26133898,10,,srisávse,VpzRC2j7dm6,"+56 9 0079 8280",,67495,,559774,,2970000,9
"Débora Polanco Hinojosa",16569316,7,,,,"+56 9 2088 5676",5333,,"Cena de Trabajo",560003,,-1755000,9
"Esteban Medina Gamez",10096957,2,,esteban4210,,"+56 2 1463 5278",,61991,Vacaciones,560235,2025-02-21,,
,0,8,,sra.1871,j3zXDY7EklgIP,"+56 2 0781 0933",6735,,,560319,2025-01-11,835000,5
"Jerónimo Enríquez Esparza",0,1,,jerónimo5064,Thsr7MmSA0s8,"+56 2 7907 3648",,66078,,560395,,-675000,5
"Felipe Gamez Saldivar",19150549,2,,Felipesaldivar,8nySHel6,,,,Vacaciones,560438,2025/07/19,,1
"Mayte Márquez Munguía",20984544,10,,mayte4955,ctxxG9D5,,,,"Salida con Amigos",560602,,-204000,3
,18478752,10,,adela1191,,"+56 9 5123 2143",2187,72104,Vacaciones,560953,,,9
,26785711,10,,Sr.osorio,adoB2ruR,"+56 9 8493 2978",6968,65680,"Cena de Trabajo",561452,,,8
,0,3,,barbara5593,,"+56 9 6301 0491",9184,,Aniversario,561659,2025/07/23,-1530000,10
,26719596,10,,claudio3068,i3j3bFQPz,,9282,61741,"Salida con Familia",,2025-02-21,980000,10
,29934102,10,,sra.4653,M7xpiX4B,"+56 9 5783 0687",,,Vacaciones,,2025-11-18,150000,2
,28783796,8,,,qHUYImrhxr5NIFh,"+56 2 4464 5022",2072,70769,Vacaciones,561957,2025-07-05,,
"Tomás Pineda Cordero",23191746,2,,,n9diF6cZ6ukGAmIs,"+56 2 6733 7872",3552,,"Salida con Familia",561988,,216000,
,19961372,3,,,GX8oo6y495NhCjf,,5990,70914,Aniversario,562029,2025-08-15,,3
"Gregorio Cortez Villa",28650298,10,,,,"+56 2 8778 1443",6296,63143,Aniversario,562156,,1184000,4
"Barbara Amador Zaragoza",10622639,10,,barbara5593,GWm1UzxZ,"+56 9 6301 0491",,70396,Aniversario,562401,,237000,
"María Luisa Salazar Correa",18070857,10,,,JhRcedk1I0mf,,9694,63969,"Salida con Familia",,2025/03/04,,5
,12257551,9,,,iUmUq30uu5zJvc,"+56 2 5735 4477",,71120,Vacaciones,562577,2026-05-12,-864000,
,15809161,5,,essaze,h2KH4vBT,,8377,64169,,562590,,64000,1
"María Quiñones Roque",0,8,,,TPS5yx5keNQZH3,,320,68380,"Cena de Trabajo",,2026-04-24,688000,8
,29549611,8,,elargu,,+56-2-4608-0138,1449,62659,Aniversario,,2025-03-05,,4
,21551795,10,,Victoriaolivares,,"+56 9 6570 6438",2378,,Vacaciones,563199,2025-06-23,4000000,
"Raquel González Quiroz",2903516,4,,,tSU3AO6alQMP97t,"+56 2 1718 8172",1836,,,,2025/07/07,428000,4
"Isabel Tamez Irizarry",14838265,4,,isabel6644,CyipY4bib8,,384,69702,,563338,,,10
"Jesús Zavala Moya",24513082,10,,Jesúsmoya,MLR3Ji5X,,8115,63744,"Salida con Amigos",,2025-12-20,,6
"Concepción Valles Abeyta",22580260,2,,concepción5645,,"+56 2 4316 5476",,65827,Aniversario,563690,,,4
"Sta. Manuela Franco Lira",1543163,6,,,zCJ6N09e2nzjTSz,+56-9-6443-9968,,61768,Aniversario,563965,2025-06-10,,
,14227830,8,,,,"+56 9 4447 4543",8277,65589,Vacaciones,564114,,582000,6
,24381512,10,,sta.3892,,+56-2-7782-8024,3312,66398,,564193,2025/01/13,2664000,8
"Hugo Rolón Tijerina",21663970,7,,hugo9617,,,,64635,"Salida con Amigos",564530,,402000,3
"Jacobo Quintanilla Medrano",5553865,10,,jacobo6495,,,1445,63439,"Salida con Amigos",564540,,752000,8
,18687242,10,,,uH7N9cqp5lYSw2,"+56 9 8836 4209",4643,66814,Aniversario,,2025-07-23,840000,10
,22124469,9,,Sta.madrid,9ZzK0yreyI,"+56 9 3769 8886",2746,,"Cena de Trabajo",,2025-03-17,,10
,0,1,,edzaca,gv7NQrE5c,"+56 9 8777 0277",6083,65592,"Cena de Trabajo",,2025-01-09,,4
"Jorge Luis Caballero Aguayo",29603854,7,,jolucaag,,"+56 9 4985 8946",7077,68551,Aniversario,,2025-07-01,,
,9907928,10,,diego6689,xVDxrcH95nl3p,,920,66278,"Salida con Amigos",565148,2025-04-24,,1
"Enrique Olivera Franco",0,10,,enolfr,blUQYFfaJ3w8Uf5,+56-2-3915-7840,3489,,,565307,2025-07-08,240000,4
,0,6,,Sr.cotto,e6uZktitWNCz,"+56 2 4279 4970",6982,,Vacaciones,565338,2026-02-23,,10
,3052508,6,,Bertaabreu,I8LWIaaUS,"+56 2 7280 0956",831,,,565414,2025/02/25,-684000,
"Fernando Hinojosa Zamudio",0,10,,,,"+56 2 5355 9059",5319,64489,"Salida con Familia",565456,2026-02-03,566000,2
"Claudia Quintanilla Lovato",0,10,,Claudialovato,Zzz6T7NKgUt,"+56 9 0788 8825",8515,71110,"Salida con Amigos",,2026-06-30,,8
,29141351,10,,jorge847,,"+56 9 7755 0370",,69073,"Salida con Familia",,2025-06-02,-4000000,10
"Enrique Riojas Herrera",4056401,2,,,lYkSXgIv6UJ0G61N,"+56 9 7394 4298",8248,,,565588,2025-12-02,630000,
,26485768,6,,adriana1285,V5IR6n2WXpgdAGno,"+56 2 5919 5647",,65921,"Cena de Trabajo",565597,,,6
"Sr. Carlos Elizondo Vergara",10798876,10,,,FMncmNVTAnpb7KM,"+56 9 7883 3013",4065,71812,"Salida con Amigos",565927,,936000,
"Lourdes Rangel Sanches",499944,4,,lourdes2235,,,3985,65928,"Cena de Trabajo",,2025-07-19,384000,
"Ana Luisa Munguía Páez",0,4,,ana3121,nnQ3jbQHo,,6350,72011,Aniversario,566153,2025-04-19,,
"Victoria Villa Zayas",0,10,,,b8m2sR01ndWp,,1532,63975,Vacaciones,,2025-07-22,-378000,7
"Sra. Gilberto Yáñez Ponce",27444489,4,,,BXzuT5hBko1Zqm,,,64619,,566239,2025-03-06,-1230000,10
"Josefina Alaniz Pérez",0,10,,joalpé,a7sHkaGvM8II,"+56 2 3602 4657",5179,63392,,566241,2025-01-31,,
"Sta. José Emilio Montaño Alanis",0,3,,stjoemmoal,,"+56 2 4995 4834",,68280,,566344,2025-01-14,160000,5
"Jerónimo Pichardo Casanova",0,9,,jepica,WSChTd0Mo,"+56 9 9886 4555",5855,67256,,,,309000,3
"Tomás Maldonado Ponce",0,6,,,,+56-2-2937-6038,4381,71944,Aniversario,566550,2025-06-30,,1
"Amalia Valverde Pérez",13164050,1,,Amaliapérez,,,1934,,Aniversario,566616,,358000,2
"Alejandra Beltrán Garrido",27725553,7,,,fXmvXP01Ba0i0ljK,,3589,,"Salida con Amigos",566778,2025/06/18,,8
,18600016,10,,,Oa35A3fntquRyW,"+56 9 2786 7342",131,62972,,566898,2025-04-06,-2724000,6
"Sta. Felipe Hernández Alfaro",0,10,,sta.8843,1QmgyRSxbl,"+56 9 9895 8530",2796,,"Salida con Familia",,2025-01-05,187000,1
"José de Jesús Huerta",9706678,7,,Joséhuerta,,+56-9-6233-8192,5424,67343,,566956,2026-06-01,,
"Sra. Federico Reyna Huerta",0,6,,Sra.huerta,,"+56 2 5594 4465",,,"Salida con Familia",567058,2025-01-01,210000,6
"José Emilio Alvarado Loya",0,9,,joemallo,6QTDL383FWlsfMtq,"+56 2 9411 3027",1805,65787,"Salida con Amigos",,,,7
"José Emilio Alvarado Loya",0,10,,,6QTDL383FWlsfMtq,"+56 2 9411 3027",1805,,"Salida con Amigos",567079,2025-10-13,609000,7
"Olivia Moya Garica",15389147,8,,,6Ue64e5bdBsNmf,"+56 9 0670 8179",7675,66099,,567167,,,2
"María del Carmen Delao Camarillo",0,10,,madecadeca,AdY53p4mhQb,"+56 9 7974 4092",4020,,,567196,2025-04-14,-1854000,6
"Esperanza Zelaya Arevalo",10889435,10,,esperanza4192,cEB6y2ZtIE4f,,1808,64270,,567539,,,4
,0,4,,Salvadorbaca,Bq7v4KTTIByayr,,4335,71230,,567577,2025/05/23,-348000,2
"Elvira Santana Aparicio",20701249,10,,,,"+56 9 4549 7563",4266,,Aniversario,567894,2025-09-16,-199000,1
,0,10,,Sr.morales,wM5oDCCWYTaMnF,"+56 9 5810 7686",720,66656,Aniversario,,2025-03-23,515000,
"Manuela Portillo Jaramillo",3811038,1,,Manuelajaramillo,,,5485,71363,,568038,2025-01-13,,9
,15528379,3,,,7uV5aidSS,+56-2-6156-1736,6591,,Vacaciones,568057,2025-06-29,-1330000,
"Amalia Carvajal Bétancourt",15528379,3,,,,"+56 2 6156 1736",6591,67327,Vacaciones,,,-210000,10
"Sta. Rodrigo Figueroa Tirado",0,10,,sta.3094,,"+56 2 3638 0332",3354,,Aniversario,568192,2025/01/01,176000,2
"Sra. Jerónimo Tejada Garrido",2458280,9,,srjetega,,,2772,69923,"Cena de Trabajo",,,278000,2
"Marcela Crespo Benavides",9252364,10,,marcela2568,dYs76idTidXXrPd,"+56 9 5168 5631",,65829,"Salida con Amigos",,2025-10-11,,
,4159066,1,,,PM44UFf1a9PA8Ecv,"+56 9 5517 4985",1975,62020,Vacaciones,,2025-03-03,,1
,10956031,6,,emilio446,T0SPzL4ux,"+56 9 5111 4007",2164,63094,,568438,,,7
,0,10,,lucoal,p7CplrpWHKASDI5,"+56 2 1803 1686",2607,67788,Vacaciones,,2025/11/02,4023000,
,21295929,10,,jorge1100,SyJ96U8ND9VY,"+56 9 4546 3889",9406,65175,,568468,,978000,6
,9112473,10,,leticia5190,g8ZwUFyeM,"+56 2 3203 0528",431,69275,"Salida con Familia",,2025-04-20,-930000,
"Berta Ozuna Razo",984853,3,,Bertarazo,,+56-2-5618-4562,9239,65572,"Salida con Amigos",,,,4
,1023354,10,,emilio9899,,"+56 9 2467 5525",1097,68932,,568677,2025-10-29,1180000,10
"Barbara Gastélum Maldonado",15687821,10,,,InI78zXhXt5jtmM,,2659,,Aniversario,568728,2025-04-04,-1320000,8
,26084732,10,,,,"+56 9 7838 9710",7683,69503,Aniversario,568748,2025-08-24,549000,9
"Diana Torres Figueroa",4898078,3,,,P4AFy0y1MTMB,,9332,,"Salida con Familia",568818,2025/09/14,130000,
"Sr. Salvador Armenta Sevilla",0,3,,,eTErK8Fc1TwUwv,"+56 2 4073 7848",,,"Salida con Amigos",568961,2025-04-22,1152000,8
"Carla Lomeli Roldán",1438951,2,,,KOeOdXukZ95Rrk,"+56 2 8865 3439",,65696,,569090,2025-01-27,,4
"Sta. Amalia Segura Sandoval",0,4,,stamsesa,oiSF3bOg48B,+56-2-9132-4819,2410,,,,2025-06-01,1048000,4
"Lucia Cintrón Tejeda",18825669,4,,Luciatejeda,,"+56 9 4201 7199",1693,67235,"Salida con Familia",,,-370000,
"Reina Guardado Feliciano",2494832,3,,,,"+56 2 5814 6146",9977,62721,,569401,2025/02/01,632000,
"Sra. Verónica Ramón Jáquez",25298833,10,,,,"+56 9 7164 1813",2790,64151,Aniversario,569410,2025-02-14,1720000,
"Sr. Felipe Vélez Solís",21180341,10,,srfevéso,,"+56 9 8620 2158",9236,,"Cena de Trabajo",569730,,2820000,
,23164948,4,,,Ykn70j2C6q,,2404,61379,,569760,2025-08-22,-1600000,10
"Enrique Ledesma Santiago",7072777,3,,,qAfr1IURpQOZuM,,7612,,"Cena de Trabajo",569771,2026-06-11,,5
"Enrique Jaramillo Oquendo",16818904,4,,,,"+56 2 0669 7255",6901,66191,Vacaciones,569876,2025-06-05,,
"Juan Carlos Cardenas Vergara",26273948,1,,jucacave,4Qnl8Fd9,,,,Vacaciones,570041,2025-09-01,-224000,
"Florencia Rivero Miramontes",5453811,10,,florencia3458,67tXocPBf,,828,,Aniversario,570125,2025-01-23,,3
,4515460,2,,masoqu,KCSxtUK5,,2361,66733,"Cena de Trabajo",,2025/07/18,,2
"Germán Olivárez Prieto",0,10,,Germánprieto,Nfyy0E6w,,2775,65126,"Cena de Trabajo",,2025-01-11,,1
,13687070,10,,micaela8908,17kJaBuiEW2n4B2N,"+56 2 3966 0673",,,"Salida con Amigos",570452,2025-03-16,1144000,
,27559230,7,,enrique5132,p0VHO3whNVxDL,"+56 2 6279 0250",,69921,,570504,2025-04-29,990000,
,1692284,6,,,NLBATiejWG1i5HQ,,7960,64389,,570571,2025-01-25,-1353000,3
"Mariano Vázquez Méndez",26882835,4,,Marianoméndez,,"+56 2 1880 5567",3197,,"Salida con Amigos",,,2950000,10
"Diego de Anda Girón",26502039,10,,,QtKa0Ovb,"+56 9 9035 1094",864,71445,Vacaciones,571126,,1540000,
,4158585,4,,sra.2115,DXlW0cCvYbZO,,5983,69467,"Salida con Familia",571507,2025/02/13,,
,0,8,,alberto1142,1PW3HuYRFVek,"+56 9 8325 7650",4644,68421,,571586,2025-01-08,1088000,
,12938389,5,,ramona6480,M9WzBRzxlSHDSBwG,"+56 2 1875 0375",,63574,,571634,2025-09-04,,3
,0,1,,joemmobr,,"+56 2 1764 4806",1411,64370,Vacaciones,,2025-02-01,597000,3
"Ignacio Rojo Bustos",27148478,10,,,pR32O5plqEcxYXod,,4807,66292,,571838,2025-01-07,,8
"Natalia Sevilla Guzmán",0,10,,Nataliaguzmán,,,1357,70946,Aniversario,571854,,1170000,5
"Gilberto Enríquez Aragón",0,8,,gilberto2529,cHEUJAcGp8DXt,"+56 2 3081 3854",6895,62090,,,,549000,3
"Gilberto Sevilla Olivo",7965596,1,,,,"+56 2 9771 8964",6537,69837,"Cena de Trabajo",571907,2025-11-25,,
"Ana Almonte Madera",0,1,,Anamadera,NL2aoACHQk6m,"+56 9 6778 0534",428,66370,,,2025/07/02,-1358000,
"Benito Gallegos Ledesma",0,10,,begale,zWVijC0T2lwVs3cK,"+56 9 7830 5224",,65265,Vacaciones,572002,2026-07-06,,7
"Reina Delarosa Mena",0,2,,Reinamena,VxPqqFUyX0cFp,"+56 2 9637 4457",2251,63209,"Salida con Amigos",,2025/11/15,,
,699380,10,,josefina7928,zZ4AHD5F,,,64633,,572091,2025-10-22,518000,7
,0,10,,josefina7928,zZ4AHD5F,,9145,64633,Vacaciones,572098,2025-02-24,658000,
"Felipe Palomino Padrón",4188672,2,,,PEV38E16lo1rvJ,,,72029,"Salida con Familia",572133,2025-01-07,846000,
"Esteban Saucedo Macías",25000042,10,,Estebanmacías,t380pWWYBXC,"+56 9 3084 8410",9344,,Vacaciones,572156,2025/05/29,,
,15951359,9,,,60d3VqHRcjaj,,2919,67720,"Salida con Familia",572181,2025-12-13,528000,
"Felipe Godínez Segovia",21376206,10,,fegose,J3mv8GarwmXP3ls,"+56 9 0054 6063",,,,,2026-07-14,1001000,7
"Amalia Saiz Collazo",18070862,6,,,Qm5EnuhZTIkK6W,+56-9-3338-0783,4775,69338,,572403,,914000,
"Clara Castro Olivo",3621779,10,,Claraolivo,,"+56 9 3605 0611",4079,,,572532,2026-04-04,,2
"Jaime Ayala Núñez",5387910,1,,,w3jYdI6Yt,"+56 2 7967 9484",,66261,,572767,2025-02-26,,7
,25581497,4,,gilberto896,1oX9XtoswATA,,1040,,"Cena de Trabajo",573166,2025-08-02,,6
"Luisa Sarabia Rosado",13088879,10,,,bPGrRIU6dO,+56-9-4334-3179,6233,,"Salida con Familia",573259,,369000,1
"Débora Centeno Valencia",19482073,10,,débora6707,IC7wZhoz4dkOAfV,,,68170,Aniversario,573261,,830000,5
"Olivia Saldivar Urbina",0,4,,olsaur,0yOKRwfWa,,,70935,"Cena de Trabajo",,2026-02-28,464000,8
"Sra. Sancho Delvalle Amador",0,10,,sra.4823,,,7064,63370,"Salida con Familia",573782,2025/10/06,,3
"Salvador Carreón Alvarado",19853401,10,,Salvadoralvarado,4AAApWXBcHT,"+56 9 4159 7363",7073,,,574079,,792000,6
"Miguel Prieto Cervantes",597705,3,,miprce,n34gU2toUEp,,,65096,,574220,,585000,9
,10796290,10,,Cristianestévez,,"+56 9 8361 3493",8976,67600,"Salida con Familia",574245,2025-06-27,137000,
"Jesús Hernández Carrasco",23197036,10,,,M5Y35RghFRfxE,,5764,69076,"Salida con Familia",574371,,1442000,7
"María Delgadillo Olivera",0,8,,Maríaolivera,J11A50yVtk,"+56 9 9225 2069",2248,62666,"Cena de Trabajo",,,-123000,
"Juan Orellana Aponte",12585720,10,,juan2692,VGiSt9tW,+56-2-7550-1391,5101,69917,,,,328000,4
,20119074,10,,Juancampos,,,4337,71768,"Salida con Amigos",574642,2025-08-20,1456000,8
"Leonor Delafuente Villagómez",0,5,,ledevi,,"+56 2 4047 2141",6372,71444,,,2025-01-03,1050000,6
"Adriana Arenas Vaca",17239403,5,,Adrianavaca,,"+56 2 3225 2810",,69818,"Cena de Trabajo",575201,,1920000,
,19254060,7,,,Z8gpnDWBmT,"+56 2 1673 4264",8724,,"Salida con Familia",575360,2025-12-15,,5
,0,10,,pilar4928,,+56-2-9841-3258,3940,65966,Aniversario,575653,2025/01/24,920000,5
"Florencia Solorzano Nieto",9716191,7,,Florencianieto,bw4SyPK9McYEC,"+56 9 2899 3501",,,Vacaciones,,,2030000,10
"Yolanda Farías Montoya",2288545,10,,Yolandamontoya,,,6594,63429,"Salida con Familia",,2025-01-04,-750000,6
"Juan Mejía Zayas",0,6,,,1hL34ZM9H9fkbF4,"+56 2 5125 3208",9240,71937,,575943,2025-06-28,,6
,21595315,10,,clbeme,IeAjSGpyh6dPU6cc,"+56 9 1067 1762",,68503,,576066,2025-02-11,-65000,1
"Sr. Ángela Pineda Hernández",8053275,10,,Sr.hernández,4HYJcAufk04uVQr,+56-9-7795-4376,,,"Salida con Familia",,2025-08-01,,10
"Dorotea Méndez Hernández",0,1,,,bUU1OWx1dd8k,"+56 9 9926 2062",,63165,"Salida con Familia",576150,,565000,5
"María Elena Villaseñor Gastélum",0,9,,,xbiX26Bg8,"+56 9 5209 3101",200,61516,"Cena de Trabajo",576197,,1392000,
,0,6,,camama,E4tu2VG0lVI,,844,66144,"Cena de Trabajo",,2025-09-02,-132000,1
"Carmen Urrutia Villalpando",0,10,,,,"+56 9 9483 9986",,71795,"Salida con Amigos",576633,2025-01-20,-380000,5
"Ignacio Olivares Rivas",14399092,10,,,,"+56 2 4479 4492",2586,61534,Vacaciones,577117,,670000,10
"María Soledad Ramón Leiva",22208234,10,,Maríaleiva,,+56-2-9353-6309,,70622,"Salida con Familia",577208,2025-06-30,1295000,
"Martín Solano Quintana",4515460,10,,masoqu,KCSxtUK5,,2361,66733,"Cena de Trabajo",,,655000,5
,18175110,10,,Jacoboapodaca,,"+56 2 7808 6512",9455,,Vacaciones,577455,2025-02-15,-324000,
"Armando Valdés Alemán",28710401,10,,,u9upL21csF00Jyue,,4811,68651,Vacaciones,577489,2025-10-06,1780000,
"Fernando Castillo Posada",0,10,,fernando3668,56sf4hezFBiuo3P,,8059,,"Salida con Amigos",577735,2025-01-04,242000,2
"Sra. Sonia Ulibarri Benítez",16185754,8,,sra.4110,,"+56 2 4989 6204",,66241,"Cena de Trabajo",,2025/10/24,,9
,15233957,7,,maría4493,JebFLaJt2,,,62578,"Salida con Familia",,2025-08-10,558000,9
"Elisa Cano Sarabia",13664684,2,,,w19MNy0JT4,,7876,,Aniversario,577958,2025-02-24,1530000,
"Isabela Alaniz Saucedo",8620573,4,,isalsa,lNJWYB5K,"+56 9 6937 0527",,,"Cena de Trabajo",,2025-01-09,225000,
,21105653,3,,erbama,8aW7xm8aMGlm,"+56 2 5132 9280",,63092,,,2025-08-24,122000,2
"Alejandro Camarillo Verdugo",9294109,4,,alcave,,,,68255,Aniversario,,2025-12-07,105000,1
,0,8,,Sra.delarosa,nTUwMCx0ptHiT,"+56 9 9459 9824",2040,,"Salida con Familia",,2025-02-10,363000,3
"Sra. Dolores Arellano Delarosa",21263608,10,,Sra.delarosa,,,2040,65319,"Salida con Familia",578269,2026-04-30,57000,
,8614817,10,,,gfl1yv7R,"+56 2 9578 9197",9159,62054,,578346,2025-08-23,,4
"Florencia Vásquez Soria",0,7,,flváso,9S2DDxo6ppRe,"+56 2 4831 3924",,69289,Aniversario,,2025-04-13,-1640000,
"Sra. Ernesto Quiñónez Abeyta",0,10,,srerquab,72i5QnsXZ,,,64701,"Salida con Amigos",578393,,1710000,9
"Manuela Gálvez Sarabia",0,6,,,,"+56 2 9576 7366",708,71235,"Salida con Amigos",578518,,1014000,6
"Emilio Garica Alcaraz",0,10,,Emilioalcaraz,KzIoSMn9Y,"+56 9 9063 4940",3169,,Aniversario,578736,2025-02-04,,4
"Gregorio Urrutia Iglesias",5355116,10,,,30LYsriYWkY,"+56 2 2391 2735",7151,66610,,578854,,3843000,9
"Sra. Jerónimo Tejada Garrido",2458280,9,,srjetega,,"+56 2 0277 9218",2772,,"Cena de Trabajo",578893,,382000,
"Susana Borrego Urías",22894511,10,,subour,0hcQygtZxDM4DW,"+56 2 7473 5826",8557,66781,,,,,7
,0,9,,,vyoO5MsfCwz,"+56 9 1182 9386",2245,69878,"Cena de Trabajo",578994,2025-02-10,472000,
,27072823,5,,Césariglesias,6isrYLrKF5kQ,,166,70268,"Salida con Amigos",,,768000,6
,0,10,,jutehu,L7jxVx3mIRTgz2,"+56 9 2632 7002",6724,62418,Aniversario,579098,2025-12-13,,6
"Agustín Flores Rosales",0,5,,agflro,eU5TlAkkncxH5gsu,"+56 9 8723 4960",,,Aniversario,579114,2025-08-09,,8
"Ignacio Soliz Barajas",24143127,4,,Ignaciobarajas,,"+56 9 6610 9121",,,Vacaciones,,2025-04-09,1398000,6
,0,5,,dorove,m6pviFCJxut0pB,+56-2-7609-2155,8447,65459,,,2025-04-18,243000,3
"Juan Carlos Perea Fajardo",0,1,,jucapefa,2b19joxzz4E,,7264,65497,"Salida con Amigos",,2025-06-05,,7
"Ramona Tapia Briseño",24890402,10,,,sAVUWlR1kpTb82,"+56 2 9946 8014",2991,,"Cena de Trabajo",579574,2025-02-04,,3
"Marcos Pantoja Magaña",0,10,,,8SD8ciffm,"+56 2 2579 3039",,64494,"Cena de Trabajo",579591,2025-10-01,760000,4
"Mayte Limón Serna",26047745,5,,malise,,"+56 9 5847 6972",1935,70901,"Cena de Trabajo",,,246000,
"Ignacio Madrid Madrigal",12912712,10,,,Qug7ICD40ICA,"+56 9 8317 8218",,67855,"Cena de Trabajo",579644,,153000,
,0,10,,elcoap,1J9Dc1h1BP,"+56 9 5437 0247",1086,62724,,579854,2025-02-13,1200000,10
"Sra. Caridad Cotto Tello",25018048,9,,sra.7582,SAIT1ytYBcU,"+56 9 0161 6052",,,,580124,2025-02-24,,9
,27824399,10,,,,,2617,69857,"Salida con Familia",580216,2025/05/25,-530000,5
"Olivia Pérez Monroy",11705193,10,,olpémo,XDdIh411,,3355,70381,,580252,2025-03-14,,10
"Sta. Armando Laboy Esquibel",6523240,5,,starlaes,xbH2y1rpsaj9vJAm,,4271,71423,"Salida con Familia",,,,10
,28541682,5,,sr.3125,rBtVtKiTXr4,+56-9-3123-0734,2725,,,,2025-10-28,324000,4
"Eloisa Peña Ybarra",12506710,7,,,5dTXMGIis,"+56 9 0939 8412",9891,68257,,,2025-04-06,,5
"Sra. Federico Villa Cabán",19342707,3,,,1LS1qb0sujCzzLm,"+56 2 0476 0525",6532,,Vacaciones,,2025-07-31,,6
"Arturo Vergara Reyna",0,5,,,,,9002,71815,Aniversario,580625,2025-03-21,-525000,5
,0,3,,Teresajáquez,L4ISIyxaGPG1Ofp,"+56 2 1769 2142",3693,62193,,580634,2025-04-13,537000,
"Rosa Velásquez Santacruz",0,7,,Rosasantacruz,HUlFR8Hwb,+56-9-7852-0867,672,,"Salida con Amigos",,2025-03-10,,7
"Sra. Juan Carlos Coronado Trujillo",1267612,3,,srjucacotr,99H6jSZWhubmCk,"+56 9 2487 5576",,64535,Vacaciones,,,142000,
,0,4,,,gb83Ua7Xd1A3BP2e,+56-9-7471-0157,6782,64160,Aniversario,581086,2025-08-07,,10
"Sta. José Luis Cano Godoy",0,7,,,ezxX05zRBl1ttO,"+56 2 1264 5469",2816,71389,,581131,2025-03-16,456000,
"Carla Pantoja Ocampo",0,10,,,,"+56 9 1708 6129",7146,63556,Aniversario,581145,2025-11-07,-1539000,9
"Alicia Chapa Ocampo",25731047,7,,alchoc,pntBLCfdEMfPryL6,"+56 9 7072 4689",,68928,,581184,2025/01/02,,
,8866789,10,,Alfonsopelayo,,"+56 9 4278 4550",9241,66657,"Salida con Familia",,2025-02-03,-186000,3
"Isabela Ordóñez Cornejo",3945629,10,,,BbQ0YzbzY2no035,"+56 9 7787 0515",,65095,Aniversario,,2025-04-26,1008000,9
"Jerónimo Carreón Zúñiga",29209709,10,,jecazú,RHiWVpksJR7v9,"+56 9 1730 1148",,67978,,581359,2025-04-23,,9
"Manuela Tovar Vera",0,9,,manuela6431,68t7TRmsNxeD,,,65099,"Salida con Familia",,2025-03-20,711000,9
"Sta. Timoteo Valdés Rojas",0,5,,sttivaro,d1ysXM3wbitZ57,,9890,70784,,581575,2025-04-18,,5
"Clara Barreto Lozano",10878010,10,,Claralozano,9f4iaAgZAqPj,"+56 2 8850 6862",,,,581600,2026-05-07,1136000,
,0,1,,raurca,NY8MwdlUmOBk,+56-2-0077-6266,2811,69678,Vacaciones,,2025-02-28,1796000,
,20738164,10,,,,+56-9-1532-6273,2033,62303,,581850,2025-02-03,207000,3
"Laura Loya Rosas",2746572,2,,Laurarosas,,,9714,,"Salida con Amigos",581877,2025-05-18,,10
"Daniela Montalvo Velázquez",6543977,8,,,lsnw5n8hYwS0QrC,"+56 2 8161 0528",,68200,,581928,,920000,5
"María Luisa Leal Rentería",15233957,7,,maría4493,JebFLaJt2,,857,61355,"Cena de Trabajo",,2025-04-10,,
"Sancho Zapata Tamez",0,3,,Sanchotamez,,,6945,63275,"Salida con Amigos",,2025-01-08,621000,9
,29290081,3,,fecafe,,"+56 9 5919 4468",5033,65242,"Salida con Familia",582212,2025/11/04,,
"Jorge Laboy Salcido",26842933,10,,,,"+56 9 3426 6612",2717,63912,"Cena de Trabajo",,2025-04-24,450000,10
,9113400,4,,,,"+56 9 0496 6285",4131,63647,,582531,2025-12-18,-1464000,8
"Ana María Dueñas Armas",0,5,,ana9206,5x46En3L1,"+56 9 1195 2042",,70742,,,2025-04-08,-664000,8
"Adriana Barraza Madrigal",3818526,10,,adbama,g0x3Uvl2As4NX5,+56-2-1796-2842,,64650,,582661,2025/05/02,637000,
"Catalina Cisneros Sepúlveda",0,10,,Catalinasepúlveda,GbJVzo4aoKugn8y,"+56 2 3121 4966",,62572,,582821,2025/05/12,1160000,
,21936381,8,,Sra.niño,,"+56 2 4389 0652",,64500,Aniversario,582844,2025-12-17,,9
"Antonia Tovar Montaño",0,10,,antomo,,"+56 9 3153 5878",,67100,"Cena de Trabajo",,2025/02/04,72000,1
"Benjamín Arias Cisneros",5911315,10,,bearci,I1OkS3OoMnw80F,"+56 9 2752 3060",5228,66573,,,,396000,3
,0,8,,,,"+56 2 9406 6840",7305,64316,Aniversario,583110,2026-05-27,3500000,10
,0,7,,soledad1240,nufEGJJUbmg6,"+56 9 4264 7264",272,62051,,583193,2025/10/30,186000,
"Sr. María Elena Pérez Ruiz",23269038,10,,srmaelpéru,cMtEOeDv3,+56-9-5052-6410,,,,583306,2025-02-16,210000,5
,20970103,10,,,o9jiZ5vJ,"+56 9 7979 3607",815,71420,Aniversario,,2025-01-02,,5
,0,3,,,ba7e49Hk7bgZZ,+56-2-8450-3144,9104,67795,"Salida con Amigos",,2025-03-27,450000,5
"Sr. Silvia Carbajal Nevárez",0,10,,,,,4557,70979,"Cena de Trabajo",583429,2026-04-26,-1572000,6
"Luz Varela Benavides",22380015,7,,,,"+56 2 1350 1486",,,Aniversario,583461,2025-02-19,219000,3
"Timoteo Fernández Ortega",0,10,,timoteo6411,,,3134,71637,"Salida con Familia",583560,2025-12-14,420000,
"Teodoro Villarreal Alemán",24006647,10,,teodoro1849,TXCH5wQn1KbU8BAY,"+56 2 8498 8141",6826,63358,,,2025/12/15,,7
,20521512,3,,,vEg8bEs8qmQY1,"+56 2 8872 3247",3207,65810,"Cena de Trabajo",583867,,,6
"Rodrigo Raya Gracia",19506618,3,,,AQk4IBKSg5,,4267,68054,"Salida con Amigos",584055,,,1
,0,10,,,5UgpQvgO4,"+56 2 6664 8726",,66413,Aniversario,584194,2025-03-04,-380000,5
,0,10,,Alfonsoatencio,2F46PDSum9qbzPp,+56-9-4509-7791,8120,68168,Aniversario,,2025-08-31,66000,
"Alfonso Serna Alicea",5072824,10,,alfonso7408,,,397,66631,"Salida con Amigos",584315,2025/02/10,,5
"Leonor Quintanilla Urías",0,2,,leonor3774,OIwH4IFMj,+56-9-6618-8790,7293,69891,Vacaciones,,2025-04-21,,
,28596044,4,,maría3881,1YPJnfX3DE9au,"+56 2 8179 2476",5598,,,584608,,560000,7
,29988096,6,,,vk88GDaj26OeP,"+56 2 3814 0821",7725,,,584709,2025-05-09,1038000,6
,0,3,,Sra.verduzco,CHq1zdnfcGc,,10000,69452,"Salida con Amigos",,2025-03-22,1539000,9
"Amalia Ávalos Lucero",15501268,4,,,b3CtQdJvB58b,+56-9-5458-9307,,,"Salida con Familia",584815,2025/04/06,,9
"Sr. Patricio Treviño Alva",0,1,,,HcH0Vw0Y46yosuq,"+56 2 2485 4232",2568,67990,"Salida con Amigos",,2025/01/06,,1
"Daniela León Ulibarri",0,2,,daleul,7vSmnwbKY,+56-9-6534-0301,8064,67089,,585231,,-1980000,
"Agustín Mireles Griego",17560426,10,,,,"+56 9 2672 1971",,62894,Vacaciones,585242,2025-01-19,,7
,16348606,7,,,dv6KHKxvInq,,7040,64189,"Cena de Trabajo",,2025-03-07,749000,7
"Sr. Cristian Porras Guillen",0,10,,sr.8712,zdYS5RBb,"+56 2 0692 2901",9962,62230,,585433,2025/11/26,-1030000,
"Vicente Salcido Espinosa",24429080,10,,visaes,ShPuAkZ5da8s,"+56 2 8335 6155",3960,64717,,,2026-05-27,735000,
"Natalia Cedillo Domínguez",9688134,10,,,1tJtcriZV,"+56 2 9525 2791",7989,,,585703,2025-11-28,450000,5
"Sancho Abeyta Cepeda",11211215,4,,,,"+56 9 0386 6069",4371,,Vacaciones,585772,,1432000,8
"Cristina Valdés Sierra",29949088,2,,cristina3043,SCg6z8g28o,"+56 2 5729 8201",,68028,"Salida con Familia",,,,9
"Florencia Miramontes Orosco",4584211,10,,florencia8231,,,7216,69118,,585768,2025-05-25,180000,2
"Teresa Mojica Barreto",27985706,10,,temoba,Nr8ty6uN6N62dx,+56-2-5262-3991,4914,69751,"Cena de Trabajo",,,136000,
,25721860,10,,sr.6848,6Ar9jjbP3QvnvR,"+56 2 6821 6457",,64729,Vacaciones,585983,,,9
"Lorenzo Guajardo Montez",0,10,,logumo,KIPicJ2ryxzK,,4636,69633,"Cena de Trabajo",586036,,623000,7
"Carlos Gamboa Camacho",11329668,2,,cagaca,,,610,,,586147,2025/04/28,1350000,10
"Benjamín Zambrano Banda",5163066,1,,bezaba,,"+56 9 6578 1394",,,"Salida con Amigos",586331,,511000,7
"Cristina Alvarez Tejada",0,9,,cralte,,"+56 2 4117 0149",,67414,,586661,2025-01-17,540000,9
,4281590,10,,,42JlGQi2oBw7E,"+56 9 4760 4326",,,"Cena de Trabajo",586986,2025/04/06,208000,2
"Miguel Olmos Tórrez",21477547,10,,miguel8202,unKaoT6X,"+56 9 5017 7747",,67279,,587000,2025-03-27,,2
"María Teresa Botello de Jesús",24825104,2,,maría2003,,,5355,64319,,587039,2025-08-01,,2
"Sta. María Eugenia Domínguez Guerrero",3494641,10,,sta.6967,HvfuFls4EG4fg,,,,Aniversario,587507,2025/09/10,896000,8
"Juan Carlos Montez Tejada",312505,10,,jucamote,2oSACCRIQRHU,,6988,,"Salida con Amigos",587677,2025-01-07,658000,
"Concepción Rivero Alcántar",0,3,,,,"+56 2 8656 5806",2588,64714,"Salida con Amigos",587740,2025-06-16,,1
"Rosalia Esquibel Velasco",0,3,,rosalia3189,,"+56 9 6136 5452",9115,,,587762,2026-03-21,1350000,6
"María Luisa Leal Rentería",15233957,7,,maría4493,JebFLaJt2,,857,61700,Aniversario,,,,5
"Sancho Vallejo Saldaña",14542391,10,,Sanchosaldaña,,"+56 2 9899 8810",5454,68982,,587989,2025-03-12,,7
"Benjamín Bonilla Llamas",7510903,2,,,ZGKhMse274,"+56 2 8446 6048",3807,64089,"Cena de Trabajo",,,,9
"Roberto Rosales Mojica",22937123,1,,Robertomojica,xvfyYg7FlptpYSj7,"+56 9 5161 2890",6231,,Vacaciones,,,420000,
,18080764,10,,,IgJu31fEHrrxFdPx,"+56 9 9754 9084",,65050,,588185,2025-03-28,850000,5
"Elisa Fierro Carreón",11148786,3,,,y42YxnPiSI17rsn,,7602,66709,"Salida con Familia",588316,2026-03-05,,
"Gregorio Cortez Villa",28650298,9,,,452gDcVlm,"+56 2 8778 1443",6296,,,588374,2025/10/29,284000,
"Victoria Brito Saiz",10597350,10,,Victoriasaiz,w5igE8GHS,"+56 9 7514 6648",3719,65814,,,,-1116000,9
"Ernesto Zelaya Soliz",2338811,10,,,EVQ1xNoLTA559j2M,"+56 9 7864 9269",,69408,"Salida con Amigos",588448,,-393000,3
"Carmen Méndez Roque",0,2,,carmen9760,PLwcrYuKzUR8Nf,"+56 2 4608 2531",,62888,,588528,2025-07-15,2328000,
"Gonzalo Acuña Granados",7255853,10,,gonzalo5913,9l9iwA2rYiuj,,,62323,Vacaciones,588614,2025/08/19,,3
"Rebeca Nazario Vigil",4205694,10,,,Cy47oeB2vmvRi0Ks,"+56 2 8089 9262",2759,63761,,588685,,400000,1
"Mayte García Magaña",0,10,,Maytemagaña,VhL5c3a0OiweUWx4,,1630,,"Salida con Familia",588756,2026-08-23,348000,6
"Sergio Concepción Benavídez",18818062,10,,Sergiobenavídez,ja03CnQlW2Ly,,5779,69439,,588798,2025-11-17,,9
,16818904,4,,enrique6682,,"+56 2 0669 7255",6901,66191,,,2025-01-28,1600000,5
,17130861,5,,,5domIG7OJBxujXBo,"+56 9 8969 0186",9455,70577,"Salida con Familia",,2026-01-08,895000,
"Sra. Clara Muñiz Otero",29779920,7,,srclmuot,LiNjQk5bGmLUY,,794,,,,2025-08-03,110000,1
"Soledad Casas Villalpando",5896581,10,,Soledadvillalpando,xflMB0k4HP,"+56 2 9460 7491",,,Aniversario,,2025-03-08,664000,4
"Sra. Laura Cerda Lugo",0,10,,srlacelu,,"+56 2 6359 2389",4448,66373,,589286,2025-05-10,2160000,10
"Miguel Ángel Aponte Batista",0,1,,,YmFghrXf8o750zc,"+56 2 8623 0568",2557,70843,"Salida con Familia",589298,2025-07-13,,
"Sta. Mayte Cabán Domínquez",10479422,10,,stmacado,IPKdT78HLC,"+56 9 3683 8717",2208,,,,2025-02-17,,7
,16179976,9,,josé9823,,"+56 9 5588 4229",9682,63039,,589570,2026-01-02,,6
"María del Carmen Murillo Sotelo",28596044,4,,maría3881,,+56-2-8179-2476,,67055,,,2025-03-30,-69000,3
"Miguel Ángel Tapia Valadez",17299852,10,,,diciQi48c,"+56 2 7919 9873",2255,68112,Vacaciones,,2025-01-08,480000,
,1292784,3,,Jorgebañuelos,P7tE7jvCL,"+56 2 8879 5405",,69619,,,2025-11-19,1548000,9
"Virginia Lomeli Collazo",11110776,9,,,95w1t5uO,"+56 9 3183 6683",,68226,"Cena de Trabajo",,2025-01-28,,1
"Alejandro Tejada Carrion",0,8,,Alejandrocarrion,,"+56 2 7829 2576",9708,,,589801,2025-03-11,259000,1
"Yolanda Farías Montoya",2288545,10,,Yolandamontoya,,"+56 9 8455 8308",6594,63429,"Salida con Familia",,,640000,5
,0,10,,Benitoozuna,,"+56 9 3455 7936",4229,63362,"Salida con Amigos",590062,2025-02-15,1050000,10
"Mónica Salgado Cardenas",21440870,8,,mósaca,,,,67706,Vacaciones,,2025/03/06,1288000,8
"Lourdes Agosto Murillo",0,10,,loagmu,jA4IrgIM0ofPrX,,,71878,"Cena de Trabajo",590440,2025/03/31,2597000,7
,23484355,9,,,ARC8eN4PbH,,4421,65479,Vacaciones,590458,,132000,3
"Daniela Noriega Longoria",14309872,10,,,,"+56 9 1838 0255",2290,69337,,590654,2025-06-24,1112000,8
"Sr. Hugo Beltrán Adame",1174829,5,,,oOjxPK4eCslKo6,"+56 9 4407 5160",1513,,,590768,,-234000,9
,0,4,,,0NdZH2hyIczyAE,"+56 2 9531 9779",4610,66042,Vacaciones,590830,2025-11-29,824000,
,3813619,4,,gaulal,hl3WadvyNvM6ubdZ,"+56 2 5535 3442",,,"Salida con Familia",590867,2025-05-29,,5
"Sra. Rocio Mojica Mondragón",27799892,10,,sra.9459,,,,66561,Aniversario,,2025-09-27,1211000,7
,28445561,10,,Sta.zúñiga,,"+56 2 1365 4021",179,71528,"Cena de Trabajo",,2025-06-17,115000,1
,1163808,2,,,CXMuh6AXcyh,"+56 9 9085 1433",3477,63077,"Salida con Familia",,,1115000,5
"Cristian Prieto Ochoa",1830032,10,,,s1iUdvyI8WnuA,,3386,,,591082,2025-07-05,476000,4
,27444489,4,,,BXzuT5hBko1Zqm,+56-2-1034-8725,,64619,,591101,2025-03-08,-308000,4
"Jerónimo Carreón Zúñiga",29209709,3,,jecazú,,,2969,,Aniversario,591131,2025-05-27,1190000,
"Jerónimo Carreón Zúñiga",29209709,3,,,RHiWVpksJR7v9,"+56 9 1730 1148",,63342,Aniversario,,2025/11/10,,7
,0,10,,rosalia6048,qF6ZcVMsFqK,"+56 2 1220 2821",9266,66311,"Salida con Familia",591306,2025-11-30,1272000,
"Francisco Regalado Rivera",27723987,10,,francisco6727,,"+56 2 6569 2593",805,63393,"Cena de Trabajo",591435,,-950000,
,21872880,10,,Patriciavillalobos,ofoJJ6mnO,"+56 9 2740 1790",,71054,Vacaciones,591443,2025-05-26,1572000,
,15792016,2,,Anamata,2MTQ1gDHxP,,775,,"Cena de Trabajo",,2025-03-04,154000,1
,5757508,10,,anita5473,am9TSNjHcUP,"+56 9 0639 9077",6319,69192,Vacaciones,,,792000,6
,21478187,5,,rinade,74dk7hbDSZxzjV3,"+56 2 1545 7636",8141,,"Salida con Familia",,,-89000,1
,23785012,2,,,,"+56 2 5720 4028",7403,,"Cena de Trabajo",591669,2025/11/10,102000,2
,21447467,10,,sralrome,VlUaTl93qp,,3502,70944,"Salida con Amigos",,,-876000,6
"Sra. Adela Armijo Alvarado",29807149,5,,sra.5311,,"+56 9 8088 9315",3669,66822,,591860,,1182000,
"Virginia Barela Anaya",0,10,,Virginiaanaya,Zyl5s358mahqrynH,,,64200,"Cena de Trabajo",591865,2026-05-08,588000,3
"Catalina Guardado Menchaca",0,6,,Catalinamenchaca,Vwi3otfEOMPgyjH,"+56 9 2383 1514",5017,,,592164,2025/03/13,,5
"Elena Solorio Padilla",9588537,10,,elena7997,,"+56 2 4109 3766",5449,63496,"Cena de Trabajo",592204,,1320000,
"Julia Cedillo Márquez",18183620,2,,Juliamárquez,zNUjrKhFg5G,,,,Vacaciones,592224,2025-08-21,,3
"Inés Arellano Marroquín",8670682,10,,,15cj1gMbs,,,72252,"Salida con Amigos",592271,2025-02-27,1170000,3
,341719,10,,teolro,1TsqVwCLbui,"+56 2 7985 5252",7983,68439,"Salida con Familia",,2025-07-15,-612000,
"Mónica Domínquez Ulloa",2381490,10,,Mónicaulloa,Svm4coAtt9AVoa7,"+56 2 2450 3276",8107,,"Salida con Familia",,2025-02-10,1912000,
"Fernando Ávalos Dueñas",7635892,10,,Fernandodueñas,1JMwmNlIXMqLWI,,9534,61204,"Salida con Amigos",,,1572000,6
,984853,3,,Bertarazo,2Dzai3ZuaHcQ,,,65572,"Salida con Amigos",592503,2025-01-07,-84000,
"Sr. Roberto Sotelo Trujillo",0,3,,Sr.trujillo,5oIB2mAhfBRU,,8569,65574,"Cena de Trabajo",592587,,498000,
"José Emilio Mota Briseño",0,1,,,b4pcsNRM,"+56 2 1764 4806",,66830,Vacaciones,592589,2025/07/11,632000,
"Daniel Vera Reséndez",16191407,10,,,6GCN272j3ayW,,,62865,"Salida con Familia",592698,2026/04/26,226000,2
"Carmen Mares Longoria",0,10,,,3cWqCy0oxqM,+56-2-6459-7350,,64427,,592737,2025-06-30,-472000,4
,22028114,10,,,3144LNtAh,,8222,63514,"Salida con Amigos",592767,,-368000,8
"José Eduardo Sisneros Mora",0,3,,joedsimo,idTo8jfyERF6nqf,,,66765,,592899,2025-01-06,197000,1
,27807341,6,,claudio9110,dql3Rig1BSkA,"+56 9 8596 2229",1831,,,592940,2025-12-28,,3
"Sra. Benjamín Rivero Leyva",18950656,2,,srberile,,"+56 2 5112 8941",8255,68991,,593010,,,1
"Dorotea Ceballos Méndez",9855359,10,,,PEJfxtDv6U9J,"+56 9 2725 0385",6518,,Aniversario,593173,2026-01-09,,6
"Sancho Almanza Zúñiga",22321971,10,,saalzú,u0rsK4XTA,,,72258,Aniversario,593402,,219000,3
,0,10,,Normarodrígez,TU8Djyvgl2Av8t7,,2895,66918,"Salida con Amigos",593500,2025-02-24,1368000,8
,10698765,10,,belabe,,"+56 9 2693 6128",6195,67305,Vacaciones,,2025-03-12,-357000,3
"Luisa Gastélum López",0,1,,Luisalópez,8Q6wsET31VCXq,"+56 2 7610 9600",5649,65428,,,,648000,3
"Elisa Carreón Rendón",28977099,2,,elcare,,"+56 2 2946 6804",9176,70407,,,,220000,2
"Anita Olivo Monroy",0,3,,,,+56-2-4222-1175,793,66428,,593919,2025-01-15,508000,4
"Concepción Aranda Zepeda",23032937,10,,coarze,K6epMt4cnd,"+56 2 9249 3170",,,"Salida con Amigos",,2026-03-02,540000,6
,4346101,10,,joedabdu,RyvKBuH3vt,,6213,69332,Aniversario,,2025-11-20,99000,
,1933766,9,,Victoriagallardo,KwS09p1v51pZz3,+56-9-4365-5191,3828,,Vacaciones,,2025/03/16,270000,
,26934276,10,,sr.8795,cspcawI5kazi,"+56 9 8590 9533",9899,68021,,,2025-01-25,840000,4
"Gregorio Carrero Navarrete",27952922,7,,gregorio2190,,+56-2-7181-4239,5435,,,,2025-08-22,924000,7
,15690798,10,,srelrool,owv9Jhnp77nr1s,"+56 9 4608 2024",5899,,"Cena de Trabajo",594779,2025-09-01,-644000,
"Laura Arias Preciado",14927907,10,,,,+56-2-7804-7009,6073,68186,"Salida con Amigos",594952,,600000,8
,0,2,,rosalia6048,,,9266,61163,Vacaciones,595264,2025/01/27,664000,8
"Sta. Marcos Rivero Raya",10287118,10,,,,"+56 2 1482 7887",1468,65544,,595532,2025-01-09,462000,3
"Eva Quiroz Reséndez",25947155,9,,Evareséndez,,,3919,69858,,595555,2025-08-20,,9
,15718729,10,,enolfr,blUQYFfaJ3w8Uf5,,3489,64329,,595615,2025-01-08,-127000,1
,13021251,4,,srcasamu,,"+56 2 3740 2516",2443,71165,,595671,,-900000,6
"Homero Tovar Melgar",18895170,8,,Homeromelgar,,,2463,62790,Aniversario,,,756000,6
"Silvia Delarosa Montaño",0,7,,,vQTyZq2aC5FoW,+56-2-0953-3901,,64647,"Cena de Trabajo",595905,,2004000,6
,26704204,7,,Hugojiménez,B3XAwsUvzk,,,65604,"Cena de Trabajo",596187,2025-03-02,235000,
"Hugo Rendón Jiménez",0,7,,Hugojiménez,,+56-9-2028-2835,4892,65604,"Cena de Trabajo",596188,2025-05-18,,
"Barbara Montenegro Arevalo",4614026,5,,Barbaraarevalo,gUw6Ka1kw8,,7931,63356,,,2026-04-01,,4
,5346510,2,,jagafe,vhe42AU60zNZ,"+56 9 0920 7943",4376,62027,,,,1884000,6
,15720499,8,,salope,Y5TvFzen1RML8,,9746,71074,Aniversario,596963,,,5
"Homero Feliciano Griego",27422306,10,,,j3Ze54qakWqWr,,3610,67345,"Cena de Trabajo",597181,2025-08-27,548000,
"Mónica Crespo Zelaya",0,2,,mónica684,Gm4mFGiAd,"+56 2 8098 1154",3440,,,597393,,1044000,6
,4694502,6,,srtetépr,,"+56 2 2905 4547",,68948,Vacaciones,597428,,-213000,1
"Cristian Santillán Almanza",11116815,10,,crsaal,jGgfmgEnt6RMcn,"+56 9 6801 0816",4596,71170,,,2025-04-07,,8
,0,6,,,,+56-9-7049-8910,2936,61252,"Salida con Familia",597544,2025-03-11,-365000,5
"Sra. Hernán Moreno Llamas",25495130,7,,,30fX0mtxB2hc,"+56 9 4308 8611",1171,63874,,,2025-09-07,,7
,17211717,1,,careme,,"+56 9 7879 5937",,63506,Vacaciones,597800,2025/05/17,-1480000,
,0,7,,Catalinagaona,,"+56 9 4149 8287",7652,64349,"Salida con Amigos",597831,2025-05-13,,9
,4107110,10,,pefaca,gAPqN0iyAoHBy,"+56 2 0788 6189",745,,"Salida con Amigos",,2025/05/15,504000,3
"Sra. Francisco Vega Solorio",12506007,10,,sra.179,yq5bPF4YpcC,+56-2-1404-5946,9964,,,597979,,550000,10
"Marcos Pantoja Magaña",0,7,,marcos9710,,"+56 2 2579 3039",,71877,Aniversario,598010,,154000,2
"Cristian Iglesias Negrete",17169120,10,,Cristiannegrete,7XabCpSCu5,+56-9-9153-3603,,65425,Aniversario,,2025-09-06,,3
"Rosario Esquibel Montes",9873801,10,,,1YuOXkwpG2,,4813,,Vacaciones,598205,2025-02-19,686000,
"Sr. Carmen Vera Porras",0,10,,srcavepo,JC76PD4Y2m8S,"+56 2 8172 1849",,62709,,598325,2025-02-11,295000,1
,0,10,,altéur,,+56-9-0192-1183,2449,65999,Vacaciones,598332,2025-11-11,-190000,1
"Miguel Mena Trejo",0,6,,Migueltrejo,MJT5Qpk7WstfS,,,68603,Vacaciones,598344,2025-12-28,,4
"Guillermo Ceja Solorzano",0,10,,,,+56-2-1383-3526,5217,62594,Vacaciones,598352,2025-03-31,,10
"Leticia Acuña Arce",0,8,,Leticiaarce,6lSUL7On8jF,,7160,62517,,,2025-03-31,-1755000,9
,0,5,,Rociobonilla,Z1xTFtN0,"+56 2 6917 7282",,65902,"Salida con Amigos",598506,2025-06-12,,1
"Santiago Pérez Santiago",12102472,10,,santiago6385,L6zf1APsB,,7148,,"Cena de Trabajo",598622,2025-06-01,,8
"Luisa Garrido Zarate",0,5,,,ST0EfL5Bb3QwJCm,"+56 2 2545 9838",2073,63717,"Cena de Trabajo",598759,2025-08-27,,
"Soledad Solano Valladares",16500401,9,,,,,6341,67782,,598789,2025-01-22,-3456000,9
"Julio César Briseño Serrato",0,10,,Julioserrato,g2Jkw75Zk,"+56 2 7927 2991",,67054,"Salida con Amigos",,,575000,5
"Claudia Mondragón Raya",24877790,10,,,uhKFcBDdVi7p6U,"+56 2 2814 4150",8183,,"Salida con Amigos",598830,,550000,10
"Timoteo Alonzo Delagarza",13645087,5,,,Agi8ulhNK,,6438,66118,,598856,,184000,2
"Sr. Rubén Bustos Mojica",0,9,,srrubumo,wZO44BiU,,3696,,"Salida con Familia",598935,,916000,2
,4365794,10,,sta.6065,,"+56 9 1709 4281",906,67425,"Cena de Trabajo",599225,2025-10-22,,3
"Javier Gaytán Fernández",5346510,2,,,vhe42AU60zNZ,,4376,68273,Aniversario,,,504000,8
"Eloisa Uribe Romo",4794161,10,,elurro,APw63zRp09GnDkR,,9444,69942,"Salida con Amigos",599752,2025-01-04,,
"Esteban Saucedo Macías",25000042,10,,Estebanmacías,,"+56 9 3084 8410",9344,,"Salida con Amigos",599949,2026-08-26,426000,
"Lilia Terrazas Regalado",7272323,10,,Liliaregalado,GVN78ogzuTcB,,3292,62809,Aniversario,,2026-02-22,,6
,13735630,9,,emcoto,,"+56 2 8287 8156",,65334,Vacaciones,,2025/01/22,1216000,8
"Jaime Matos Briones",15460203,8,,jaime6815,,,,,"Salida con Amigos",600752,2026-04-02,188000,2
"Martín Sandoval Aguirre",9572020,10,,Martínaguirre,,+56-2-5233-7166,2198,,,600888,,22000,1
"Leticia Acuña Arce",18455109,8,,Leticiaarce,6lSUL7On8jF,,,,"Cena de Trabajo",600985,2025-01-26,322000,
"Sra. Mónica Pedroza de Jesús",3675326,10,,srmópedeje,PcRi0K2ePma,,,64560,"Cena de Trabajo",,2025-11-04,519000,3
"Inés Aranda Arellano",0,10,,inés5033,a55lLG75,,2566,65225,"Cena de Trabajo",601274,2026/07/31,1016000,
"Rosario Santana Reyna",17891815,10,,rosare,NVe8dTqsUdvgVXE,"+56 2 5014 3954",2001,,Aniversario,,,,7
"Alfonso Gamboa Sanches",28932812,2,,algasa,MRqhC4tkvVtce,,,,Aniversario,601551,2025-07-12,,8
"Ana Luisa Contreras Salgado",0,10,,anlucosa,sK29VTTJfu2k,+56-2-5249-4785,6387,,"Salida con Familia",601623,2025-09-16,465000,
"Micaela Suárez Ocasio",5808857,9,,,XDx633ibG,"+56 2 2586 3036",,67551,,601637,2025-06-14,1910000,
"Miguel Ángel Lozada Cabrera",8904137,6,,Miguelcabrera,,"+56 9 2711 3385",,68397,"Salida con Familia",,2025-10-23,,5
"Josefina Cardona Mares",22037932,9,,,pfT4PS7AbdwWsL4,"+56 9 6084 2557",314,68686,,,2025-06-22,-144000,
,0,4,,dimaca,dK7rjCmlA8GS,+56-9-5521-4080,2105,70188,"Salida con Familia",601865,,,1
,0,4,,dimaca,dK7rjCmlA8GS,,2105,70188,"Salida con Familia",601866,2025-03-19,,1
"Cristobal Soria Arce",20740443,8,,,4zCXbeaOcT,,9729,,"Salida con Amigos",601876,2025/06/15,,4
,11105490,8,,salvador389,,"+56 9 2954 5523",9703,71199,,,2025-01-09,834000,6
,15364904,9,,erteca,,"+56 2 3328 5120",,67390,,602294,2026-04-27,156000,4
"María Ocasio Santiago",0,5,,Maríasantiago,,,,71425,"Cena de Trabajo",602673,2025-02-06,1530000,10
,0,10,,sta.1318,73vw6kdJmB,,8744,64455,Aniversario,603012,2025-04-04,936000,6
,13194696,1,,sta.1535,,,,69466,Vacaciones,603026,2025/11/02,1176000,6
"Nicolás Tórrez Padilla",29805254,7,,,,"+56 2 0147 5982",8664,61878,"Cena de Trabajo",,2025-11-22,-704000,
"Gustavo Lerma Orta",22310156,9,,,jJA8xMmK7sU3qXV,"+56 9 4309 3800",3170,,Vacaciones,,,-560000,7
