id,nombre_anfitrion,contacto_anfitrion,descripcion,piezas,camas,banos
78570,Juan Carlos Ibarra Reynoso,,Relájate en un lugar tranquilo y acogedor,4,3,3
78655,Sra. Juan Carvajal Acevedo,+56 9 8489 5177,,6,4,4
78775,Sr. Homero Ruelas Esquivel,+56 2 1959 8982,,3,4,2
78795,Claudia Cabrera Armendáriz,,Ubicación céntrica con fácil acceso a atracciones turísticas,2,5,2
78803,María Teresa Zarate Quesada,+56 9 0388 0128,Aventúrate en la naturaleza y descansa en un lugar cómodo,6,,4
78878,Sr. Jerónimo Rael Reyes,+56 2 8804 8759,,5,5,
78902,,+56 9 6677 7721,Relájate en un lugar tranquilo y acogedor,,2,1
78977,Sr. Esperanza Guajardo Olmos,+56 2 3782 9917,Disfruta de una estadía en el corazón de la ciudad,,5,3
79005,Estela Flórez Estrada,,Aventúrate en la naturaleza y descansa en un lugar cómodo,3,2,3
79118,Victoria Frías Cotto,+56 2 3109 1737,Ideal para una escapada romántica,,5,2
79132,,+56 9 2505 6127,Experimenta el lujo y la comodidad en este alojamiento,3,4,2
79339,Mateo Aranda Núñez,+56 9 6598 5039,Relájate en un lugar tranquilo y acogedor,6,,3
79420,Armando Pedroza Garay,,Experimenta el lujo y la comodidad en este alojamiento,2,4,2
79495,,+56 9 8112 4192,Experimenta el lujo y la comodidad en este alojamiento,4,5,3
79517,,+56 9 0669 6313,,3,4,2
79548,Mónica Nazario Ceja,+56 9 3340 2297,Relájate en un lugar tranquilo y acogedor,,6,4
79580,Miguel Urrutia Medina,+56 9 0114 5258,Experimenta el lujo y la comodidad en este alojamiento,,3,4
79636,Manuela Nieto García,+56 2 4854 6109,Perfecto para familias y grupos grandes,,3,1
79703,Armando Holguín Orozco,+56 9 2885 3435,,,2,2
79765,Micaela Deleón Vaca,,,2,3,1
79960,María Soledad Fuentes Espinosa,+56 2 7277 4481,Disfruta de una estadía en el corazón de la ciudad,3,,2
79972,,+56 9 3549 1676,Disfruta de una estadía en el corazón de la ciudad,6,6,3
79993,Dorotea Carbajal Gaona,+56 9 4725 8707,,5,3,1
80132,Sta. Samuel Candelaria Aranda,,Aventúrate en la naturaleza y descansa en un lugar cómodo,3,4,2
80183,,+56 9 0834 2921,Experimenta el lujo y la comodidad en este alojamiento,3,2,3
80774,Sr. Carmen Posada Osorio,+56 2 7603 3481,,2,2,1
80882,Martín Heredia Gaitán,+56 2 2937 5193,,4,4,3
80900,David Aguirre Franco,+56 9 7032 5723,,4,,3
80940,,+56 2 6336 3868,Ideal para una escapada romántica,,3,3
80991,Jorge Valentín Marín,,,6,5,2
81055,Emilia Navarrete Fernández,+56 2 4005 5369,Experimenta el lujo y la comodidad en este alojamiento,3,2,
81062,Alejandro Garica Vega,+56 2 4424 3740,Aventúrate en la naturaleza y descansa en un lugar cómodo,2,,2
81091,María Elena Muro Sanches,+56 9 6533 8821,Relájate en un lugar tranquilo y acogedor,5,5,
81197,Raúl Matos Orta,+56 2 6619 7043,Experimenta el lujo y la comodidad en este alojamiento,,5,3
81478,Mario Cerda Barajas,+56 2 9380 3722,Ideal para una escapada romántica,6,4,
81507,Mateo Lucio Saucedo,+56 9 5273 8708,Aventúrate en la naturaleza y descansa en un lugar cómodo,5,,3
81727,Adán Villarreal Carbajal,+56 9 9483 8728,Relájate en un lugar tranquilo y acogedor,,3,1
81909,Jerónimo Uribe Ocasio,+56 2 6162 6399,Perfecto para familias y grupos grandes,5,4,
82003,,+56 9 4933 3990,Ideal para una escapada romántica,4,4,3
82072,Sta. Ariadna Armenta Moreno,+56 2 4659 6774,Aventúrate en la naturaleza y descansa en un lugar cómodo,,3,2
82272,Silvia Valles Rascón,+56 2 9349 6935,Relájate en un lugar tranquilo y acogedor,4,,2
82364,Esperanza Lara Piña,+56 9 5743 0763,Ideal para una escapada romántica,5,2,
82459,Francisca Acevedo Ballesteros,+56 2 9850 5958,,3,2,1
82534,Sr. Andrea Miramontes Meléndez,+56 9 1287 5763,,3,2,2
82580,,+56 9 3684 1135,Ubicación céntrica con fácil acceso a atracciones turísticas,6,5,4
82646,Sonia Gaitán Prado,+56 9 6422 0516,Descubre la historia de la ciudad desde tu ventana,4,6,
82771,José Barela Delao,+56 2 8529 1761,,6,4,4
82811,Óscar Pelayo Tapia,+56 9 5266 9970,,2,2,1
82974,,+56 2 7992 0034,,4,5,4
83026,Sra. Antonia Carranza Villa,+56 2 6838 7653,,5,5,3
83208,José Luis Marín Aguirre,,Ideal para una escapada romántica,6,5,3
83460,Sra. Mayte Becerra Echevarría,,Aventúrate en la naturaleza y descansa en un lugar cómodo,6,5,1
83794,Mario Padilla Gaytán,+56 9 7163 7866,Ideal para una escapada romántica,4,,3
83835,Ramón Godoy Galindo,+56 9 2823 1871,Descubre la historia de la ciudad desde tu ventana,6,,4
83998,Marisol Duran Cortés,+56 2 9004 6991,Aventúrate en la naturaleza y descansa en un lugar cómodo,6,,4
84073,Francisca Tirado Romero,+56 9 9585 3048,Ubicación céntrica con fácil acceso a atracciones turísticas,5,4,
84101,Pedro Moreno Barrientos,+56 9 4437 0817,Ideal para una escapada romántica,6,1,
84179,,+56 2 6948 4218,Disfruta de una estadía en el corazón de la ciudad,4,4,4
84282,María Teresa Noriega Delatorre,+56 9 9805 7229,,4,5,4
84350,Marco Antonio Sandoval Echevarría,+56 2 6792 4943,Ideal para una escapada romántica,3,3,
84374,Sergio Armenta Cornejo,+56 2 5362 7483,Perfecto para familias y grupos grandes,2,,
84506,Sta. Graciela Tejeda Villa,+56 2 7637 2487,,3,3,1
84711,Maricarmen Portillo Velasco,+56 9 4713 0810,Experimenta el lujo y la comodidad en este alojamiento,3,,1
85027,,+56 9 4305 3925,Ideal para una escapada romántica,3,,1
85101,José Saldaña Navarrete,,Experimenta el lujo y la comodidad en este alojamiento,,5,3
85257,Lorena Gamboa Ozuna,+56 2 5084 9831,Experimenta el lujo y la comodidad en este alojamiento,,4,3
85490,Mario Bernal Gastélum,,Perfecto para familias y grupos grandes,2,4,2
85543,,+56 9 9047 5484,Ideal para una escapada romántica,3,2,2
85609,Esperanza Valverde Urrutia,+56 2 1614 7525,Experimenta el lujo y la comodidad en este alojamiento,,4,3
85717,Sr. María José Valverde Espino,+56 9 6913 4326,Disfruta de una estadía en el corazón de la ciudad,3,4,
85884,Sr. Sara Alicea Pedraza,+56 2 4268 2182,Ubicación céntrica con fácil acceso a atracciones turísticas,6,,4
85919,Sra. Beatriz González Ornelas,+56 2 2007 4035,,5,3,2
86024,,,Perfecto para familias y grupos grandes,3,,2
86158,Eduardo Cedillo Robledo,+56 9 4935 5428,Perfecto para familias y grupos grandes,4,,2
86249,Florencia Tamayo Vela,+56 2 0503 0272,Descubre la historia de la ciudad desde tu ventana,3,3,
86279,Irene Cornejo Arroyo,,Ideal para una escapada romántica,2,5,1
86295,Octavio Guzmán Rubio,+56 9 2204 9821,,4,5,4
86391,Cecilia Hidalgo Heredia,,Perfecto para familias y grupos grandes,6,6,4
86598,Virginia Rivero Quiñónez,+56 9 8024 3086,Relájate en un lugar tranquilo y acogedor,6,,
86604,,+56 9 7717 3672,Relájate en un lugar tranquilo y acogedor,,3,2
86673,,+56 9 6575 4228,Ideal para una escapada romántica,6,5,4
86693,Carmen Rolón Garibay,+56 9 0148 1659,Disfruta de una estadía en el corazón de la ciudad,,2,3
86718,Sta. Silvia Rangel Barragán,+56 2 2023 2436,,2,2,2
86748,Diana Cervantes Lebrón,,Aventúrate en la naturaleza y descansa en un lugar cómodo,3,3,1
86970,María Luisa Valadez Uribe,+56 2 2769 8578,Experimenta el lujo y la comodidad en este alojamiento,,3,1
87185,Alejandra Sandoval Leyva,+56 2 6878 0603,Ideal para una escapada romántica,2,2,
87284,Esperanza Niño Uribe,+56 2 1701 8382,Relájate en un lugar tranquilo y acogedor,4,,4
87319,Salvador Fonseca Pabón,+56 2 6984 7165,Experimenta el lujo y la comodidad en este alojamiento,,3,2
87381,Rosalia Rivero Salcedo,+56 9 1025 7014,,1,5,4
87459,Sr. Fernando Orosco Luna,+56 2 9566 5600,Disfruta de una estadía en el corazón de la ciudad,2,,1
87593,,+56 9 8689 3199,Perfecto para familias y grupos grandes,4,,4
87622,Sr. Florencia Pérez Mora,+56 9 2062 6377,Relájate en un lugar tranquilo y acogedor,2,3,
87842,Sr. Maricarmen Reyes Villanueva,+56 9 6018 2883,,5,4,4
87848,Hernán Farías Mercado,+56 9 2964 4200,Disfruta de una estadía en el corazón de la ciudad,,4,3
87861,,+56 9 5106 7952,,5,6,4
87977,Clemente Escobar Villaseñor,+56 2 4616 7323,Experimenta el lujo y la comodidad en este alojamiento,,3,2
88084,Teodoro Hidalgo Reynoso,+56 9 0450 4820,Ubicación céntrica con fácil acceso a atracciones turísticas,3,,3
88176,Rosa Lira Espinoza,,Relájate en un lugar tranquilo y acogedor,2,2,3
88286,Adriana Granado Báez,+56 2 5474 0832,Disfruta de una estadía en el corazón de la ciudad,4,6,
88448,,+56 9 1010 7433,,6,4,4
88612,,+56 9 3850 7480,,2,2,1
88804,Verónica Rendón Barrera,+56 2 5454 1086,Disfruta de una estadía en el corazón de la ciudad,4,4,
88811,José Luis Rocha Aragón,+56 2 1574 7279,Descubre la historia de la ciudad desde tu ventana,,4,2
88926,Anita Gutiérrez Balderas,+56 9 3228 4745,Experimenta el lujo y la comodidad en este alojamiento,,5,3
88974,Sr. Marta Rosado Lucio,+56 9 8562 8410,Relájate en un lugar tranquilo y acogedor,2,3,
88980,Sta. Samuel Santana Murillo,+56 9 2867 4954,Aventúrate en la naturaleza y descansa en un lugar cómodo,4,,4
89028,,+56 2 2683 4403,Ideal para una escapada romántica,3,5,3
89567,,+56 2 7274 5765,Disfruta de una estadía en el corazón de la ciudad,3,3,3
89711,Sra. Elsa Nieves Carrero,+56 9 1503 4796,Aventúrate en la naturaleza y descansa en un lugar cómodo,,4,3
89735,Sra. Guadalupe Valverde Negrete,,Relájate en un lugar tranquilo y acogedor,4,,2
89921,,+56 2 0732 3573,Aventúrate en la naturaleza y descansa en un lugar cómodo,4,2,2
90225,Jerónimo Vigil Villagómez,+56 2 6242 6247,Perfecto para familias y grupos grandes,4,,4
90269,Sr. Estela Méndez Valle,+56 9 9225 9812,,3,3,3
90293,Luz Garrido Carreón,+56 9 2699 9773,Descubre la historia de la ciudad desde tu ventana,,3,2
90382,Andrea Caraballo Perales,+56 9 3235 3826,Experimenta el lujo y la comodidad en este alojamiento,2,4,
90578,,+56 2 5927 7120,Descubre la historia de la ciudad desde tu ventana,4,4,3
90586,,+56 9 9995 7980,Ideal para una escapada romántica,6,5,3
90980,Benito Guerra Brito,+56 2 4261 3330,Aventúrate en la naturaleza y descansa en un lugar cómodo,,2,2
91011,Nicolás Valenzuela Viera,+56 9 2662 4547,Relájate en un lugar tranquilo y acogedor,3,,1
91022,José Luis Tórrez Hidalgo,+56 9 4805 2254,Relájate en un lugar tranquilo y acogedor,,3,3
91038,Daniela Rael Samaniego,+56 2 8689 1497,Ubicación céntrica con fácil acceso a atracciones turísticas,3,4,
91092,,+56 9 3702 9511,Ideal para una escapada romántica,2,2,2
91140,,+56 9 9705 4456,Descubre la historia de la ciudad desde tu ventana,3,4,3
91282,,+56 2 5237 5693,Ideal para una escapada romántica,2,3,4
91412,Homero Prado Patiño,+56 9 3711 2935,Ideal para una escapada romántica,6,,4
91443,,+56 2 5397 0303,,2,2,2
91523,Sr. Carolina Peres Saldivar,+56 2 5997 9083,,6,5,1
91628,Josefina Velázquez López,+56 2 3576 8778,Ubicación céntrica con fácil acceso a atracciones turísticas,,3,3
91718,Dorotea Lovato Barragán,+56 2 0218 2013,Disfruta de una estadía en el corazón de la ciudad,5,,3
91749,Martín Ortiz Sáenz,+56 2 2683 9009,,3,2,1
91757,Hernán Delgado Quintana,+56 9 5078 6541,,4,2,2
91761,Mariana Gallegos Maya,+56 9 2212 2243,Disfruta de una estadía en el corazón de la ciudad,3,,3
91777,Julia Holguín Villarreal,+56 2 9272 8439,Aventúrate en la naturaleza y descansa en un lugar cómodo,6,5,
91919,María del Carmen Corral Maya,,Disfruta de una estadía en el corazón de la ciudad,2,2,2
91924,,+56 2 1008 3012,Disfruta de una estadía en el corazón de la ciudad,6,5,4
91942,Jesús Cuellar Guajardo,,Relájate en un lugar tranquilo y acogedor,5,5,3
91983,María del Carmen Reyna Lovato,+56 9 9255 5989,Descubre la historia de la ciudad desde tu ventana,4,5,
92023,Adriana Ceja Montaño,,Ubicación céntrica con fácil acceso a atracciones turísticas,2,,3
92220,Benjamín Irizarry Mireles,+56 2 4873 3150,Disfruta de una estadía en el corazón de la ciudad,,6,3
92243,Adela Collazo Chapa,+56 9 9891 4284,Ideal para una escapada romántica,4,3,
92397,Esperanza Colunga Gonzales,+56 2 0380 7653,Disfruta de una estadía en el corazón de la ciudad,,4,4
92480,Olivia Puente Farías,,Aventúrate en la naturaleza y descansa en un lugar cómodo,6,6,3
92482,María del Carmen Osorio Marín,,Disfruta de una estadía en el corazón de la ciudad,4,2,2
92499,Marta Uribe Figueroa,,Perfecto para familias y grupos grandes,3,5,3
92572,Sonia Medina Palacios,+56 2 1322 0580,Disfruta de una estadía en el corazón de la ciudad,2,2,
92973,Sr. Graciela Estévez Herrera,,Descubre la historia de la ciudad desde tu ventana,2,2,1
92999,Gilberto Alonso Agosto,+56 2 0552 5864,,2,3,3
93156,Susana Castro Tovar,,Ideal para una escapada romántica,6,5,3
93267,Diego Maya Bermúdez,+56 2 3438 8086,Perfecto para familias y grupos grandes,,3,3
93364,,+56 2 7674 7790,Experimenta el lujo y la comodidad en este alojamiento,6,6,4
93404,Cristobal Collazo Vargas,+56 9 2989 8842,Disfruta de una estadía en el corazón de la ciudad,4,6,
93515,,+56 2 5149 8386,Aventúrate en la naturaleza y descansa en un lugar cómodo,6,4,3
93700,Silvia Echevarría Zepeda,,Experimenta el lujo y la comodidad en este alojamiento,,6,3
93846,Lucia Rodríguez Haro,+56 2 9947 5168,Ubicación céntrica con fácil acceso a atracciones turísticas,3,,2
93857,Emilio Sisneros Caraballo,,Aventúrate en la naturaleza y descansa en un lugar cómodo,4,6,4
94035,,+56 2 6703 4264,Experimenta el lujo y la comodidad en este alojamiento,3,3,1
94098,,+56 2 2927 2069,Ubicación céntrica con fácil acceso a atracciones turísticas,5,4,3
94168,,+56 9 6508 8007,Perfecto para familias y grupos grandes,4,5,3
94171,,+56 2 2802 0291,Descubre la historia de la ciudad desde tu ventana,6,4,4
94184,Magdalena Lozada Lomeli,+56 9 0788 5928,Aventúrate en la naturaleza y descansa en un lugar cómodo,5,,3
94279,Guillermina Sanches Terrazas,+56 9 0233 8931,Experimenta el lujo y la comodidad en este alojamiento,,3,1
94288,Mario Barraza Véliz,+56 2 2465 7545,Experimenta el lujo y la comodidad en este alojamiento,3,,2
94429,,+56 9 1273 2322,Experimenta el lujo y la comodidad en este alojamiento,6,5,4
94461,Adán Jurado Espino,,Experimenta el lujo y la comodidad en este alojamiento,5,4,2
94500,,+56 9 2402 6745,Disfruta de una estadía en el corazón de la ciudad,5,,4
94696,César Tirado Valladares,+56 9 9489 0964,Aventúrate en la naturaleza y descansa en un lugar cómodo,,3,2
94905,Elvira Vanegas Garica,+56 2 8637 3401,Descubre la historia de la ciudad desde tu ventana,,4,2
95065,Ramón Salcedo Mayorga,+56 2 5391 8455,Relájate en un lugar tranquilo y acogedor,,4,4
95092,Isabela de Anda Duarte,+56 2 7182 3024,Perfecto para familias y grupos grandes,4,3,
95171,Lilia Burgos Acosta,+56 9 6901 3841,Descubre la historia de la ciudad desde tu ventana,3,3,
95189,Rocio Archuleta Alva,+56 2 9869 9281,Disfruta de una estadía en el corazón de la ciudad,,4,3
95197,Luis Miguel Suárez Echevarría,+56 9 0851 9421,Ideal para una escapada romántica,6,,4
95322,Susana Santillán Uribe,+56 2 7113 9126,Relájate en un lugar tranquilo y acogedor,,2,2
95546,Cristian Aragón Cadena,,Aventúrate en la naturaleza y descansa en un lugar cómodo,2,3,
95564,Jerónimo Guevara Nieto,+56 2 6578 2967,,4,,3
95677,Blanca Cerda Arguello,,Disfruta de una estadía en el corazón de la ciudad,,2,3
95712,Sra. Juan Prado Valdivia,+56 2 4420 6051,Relájate en un lugar tranquilo y acogedor,4,6,
95878,Sra. Mercedes Zamora Pulido,+56 9 2420 0895,Perfecto para familias y grupos grandes,3,,3
95910,Laura Barraza Sanabria,+56 2 2611 3578,Ideal para una escapada romántica,3,3,
96037,Yolanda Aparicio Delao,+56 2 1797 6176,,4,4,4
96304,Sta. Susana Méndez Véliz,+56 9 0416 7162,Disfruta de una estadía en el corazón de la ciudad,6,,
96571,Amalia Badillo Salcido,+56 2 9673 6315,Ubicación céntrica con fácil acceso a atracciones turísticas,5,6,
96972,Sr. María José Rodríquez Sandoval,,Ideal para una escapada romántica,4,4,2
97063,Juan Segovia Aparicio,+56 9 2675 7485,Relájate en un lugar tranquilo y acogedor,,1,
97148,Sr. Ricardo Alonso Muñoz,+56 9 0464 7257,Experimenta el lujo y la comodidad en este alojamiento,4,,3
97200,Sta. Tomás Canales Deleón,,Ideal para una escapada romántica,2,4,3
97309,,+56 9 7870 5277,Disfruta de una estadía en el corazón de la ciudad,2,2,1
97375,,+56 9 9388 3012,Perfecto para familias y grupos grandes,5,4,3
97502,Sara Lozano Benítez,+56 2 1890 9622,Relájate en un lugar tranquilo y acogedor,2,3,
97515,,+56 9 9235 5057,Experimenta el lujo y la comodidad en este alojamiento,2,5,2
97761,Benito Abreu Cabán,+56 2 9421 5151,Ubicación céntrica con fácil acceso a atracciones turísticas,,2,3
97866,,+56 9 4460 0696,Relájate en un lugar tranquilo y acogedor,3,3,1
97960,Ignacio Gómez Leiva,+56 2 4088 5100,,4,4,3
98030,Timoteo Frías Juárez,+56 2 7133 6524,,2,3,1
98147,Graciela Noriega Barrera,+56 2 5738 8840,Aventúrate en la naturaleza y descansa en un lugar cómodo,4,6,
98200,Sta. Mario Puga Banda,,Ideal para una escapada romántica,4,6,4
98239,Catalina Batista Padrón,+56 2 3654 0990,,3,5,3
98292,Rosa Ordóñez Caballero,+56 9 3941 4159,Relájate en un lugar tranquilo y acogedor,5,5,
98393,Leonor Loera Casanova,+56 2 1717 0207,Experimenta el lujo y la comodidad en este alojamiento,2,6,
98456,Arturo Olivárez Rentería,+56 2 0463 4888,Ubicación céntrica con fácil acceso a atracciones turísticas,,4,2
98692,Arturo Caballero Portillo,+56 2 9118 5867,Disfruta de una estadía en el corazón de la ciudad,6,,4
98717,Rafael Rubio Sosa,+56 2 9921 4035,,,3,
98950,Sta. Juan Carlos Reséndez Ordóñez,+56 9 2785 1376,,2,5,2
99302,Ramona Reyna Carbajal,+56 9 1708 8487,Relájate en un lugar tranquilo y acogedor,,6,3
99618,Roberto Fajardo Orta,,Ideal para una escapada romántica,5,6,3
99647,Sancho Gallardo Coronado,,Ubicación céntrica con fácil acceso a atracciones turísticas,2,2,2
99697,,+56 9 1910 3677,Aventúrate en la naturaleza y descansa en un lugar cómodo,6,2,4
99702,Micaela Posada Gallegos,+56 2 4616 4305,,3,2,2
99906,,,Aventúrate en la naturaleza y descansa en un lugar cómodo,,2,1
99959,,+56 9 9629 6266,,5,4,3
99981,Olivia Castañeda Frías,+56 2 3359 6635,Aventúrate en la naturaleza y descansa en un lugar cómodo,4,5,
100093,Homero Palomino Duarte,+56 2 2810 6940,Relájate en un lugar tranquilo y acogedor,2,,2
100153,Claudia Pedraza Ríos,+56 9 1333 4191,Descubre la historia de la ciudad desde tu ventana,2,,2
100517,Sra. Josefina Collazo Vigil,+56 9 2867 2717,Relájate en un lugar tranquilo y acogedor,3,,3
100595,Florencia Tamayo Colón,,Ideal para una escapada romántica,3,3,2
100704,Gabriela Flores Viera,,Disfruta de una estadía en el corazón de la ciudad,6,6,3
100982,Raquel Jaramillo Matos,,Relájate en un lugar tranquilo y acogedor,5,4,3
100990,Jorge Luis Fierro Valdez,,Ubicación céntrica con fácil acceso a atracciones turísticas,,4,3
101025,,,Experimenta el lujo y la comodidad en este alojamiento,4,4,2
101034,Guillermina Ulloa Preciado,+56 9 7642 8474,Experimenta el lujo y la comodidad en este alojamiento,3,,3
101141,Sra. Ana Caballero Alonso,+56 9 3902 4692,Disfruta de una estadía en el corazón de la ciudad,,2,3
101259,Sra. Carla Canales Lugo,+56 2 3112 7651,Descubre la historia de la ciudad desde tu ventana,,3,2
101320,,+56 2 6348 5466,,2,4,2
101329,Germán Gurule Jimínez,+56 9 4228 6526,Ideal para una escapada romántica,,4,3
101403,,,Aventúrate en la naturaleza y descansa en un lugar cómodo,5,5,3
101435,Salvador Jaimes Cordero,+56 9 0417 0135,Ideal para una escapada romántica,,3,3
101581,Alberto Caraballo Villalobos,+56 2 4671 2709,Descubre la historia de la ciudad desde tu ventana,4,5,
101621,Blanca Sotelo Loya,+56 2 8547 6122,,4,5,3
101674,,+56 9 1359 8056,Disfruta de una estadía en el corazón de la ciudad,4,4,3
101796,,+56 2 2132 1598,Ubicación céntrica con fácil acceso a atracciones turísticas,5,3,2
101881,Víctor Sarabia Yáñez,,Experimenta el lujo y la comodidad en este alojamiento,6,2,1
101938,Cristobal Viera Juárez,+56 2 3729 7877,Descubre la historia de la ciudad desde tu ventana,6,4,
102151,Daniela Ortiz Maya,+56 9 5310 9527,,4,4,3
102258,Carlota Santana Montoya,,Ubicación céntrica con fácil acceso a atracciones turísticas,2,3,2
102318,,+56 9 6088 1551,Ubicación céntrica con fácil acceso a atracciones turísticas,5,3,1
102580,,+56 2 8764 4448,Ideal para una escapada romántica,,4,3
102611,Mónica Espinosa Huerta,,,6,6,3
102738,Victoria Olivárez Miranda,+56 2 8990 2506,Experimenta el lujo y la comodidad en este alojamiento,5,4,
103038,Irene Padilla Naranjo,+56 2 5546 1249,Ubicación céntrica con fácil acceso a atracciones turísticas,6,4,
103163,,+56 2 1141 6897,Experimenta el lujo y la comodidad en este alojamiento,,4,2
103505,Jaime Téllez Armendáriz,,Descubre la historia de la ciudad desde tu ventana,6,5,3
103941,José María Valladares Rodríguez,+56 2 8648 3949,,4,5,3
104006,Gloria Pelayo Lozada,+56 9 8739 7873,,4,4,2
104063,Adán Longoria Ballesteros,,Relájate en un lugar tranquilo y acogedor,,4,2
104155,,+56 2 8710 2339,Disfruta de una estadía en el corazón de la ciudad,2,3,2
104254,,+56 2 7323 5170,Perfecto para familias y grupos grandes,6,4,3
104478,Timoteo Venegas Hernández,+56 2 5335 5772,Descubre la historia de la ciudad desde tu ventana,5,6,
104653,Sr. Raquel Guerra Cisneros,,Experimenta el lujo y la comodidad en este alojamiento,2,5,4
104694,Luis Miguel Hurtado Adame,+56 2 2355 8921,,3,1,4
104914,Daniela Perea Montoya,+56 2 8650 7799,Aventúrate en la naturaleza y descansa en un lugar cómodo,,5,3
105027,,+56 9 8030 8287,Relájate en un lugar tranquilo y acogedor,3,3,1
105080,Sra. Jorge Esparza Batista,+56 9 9507 8244,Ideal para una escapada romántica,,4,3
105164,Adán Quintana Carvajal,+56 9 2970 8820,Relájate en un lugar tranquilo y acogedor,5,4,
105215,Sra. Catalina Leiva Lomeli,+56 9 2279 4345,Ideal para una escapada romántica,3,,2
105217,Nicolás Ornelas Narváez,,Descubre la historia de la ciudad desde tu ventana,5,5,3
105277,Rodrigo Trujillo Armas,+56 2 6491 5820,Relájate en un lugar tranquilo y acogedor,5,,3
105281,,+56 9 7848 2606,Ideal para una escapada romántica,6,5,3
105446,Sr. Magdalena Venegas Arias,+56 2 7919 7488,Relájate en un lugar tranquilo y acogedor,4,1,
105475,,+56 9 2515 0657,Ubicación céntrica con fácil acceso a atracciones turísticas,3,4,2
105619,Cristian Zamora Carvajal,+56 9 6723 1082,,3,4,2
105949,,+56 9 8834 9533,Ideal para una escapada romántica,4,4,3
106114,Ariadna Espino Laureano,+56 2 9366 0879,Ideal para una escapada romántica,,2,2
106128,Sra. Jerónimo Villegas Navarro,+56 2 4234 5174,Perfecto para familias y grupos grandes,2,,2
106154,,+56 2 0125 0949,Experimenta el lujo y la comodidad en este alojamiento,4,6,4
106184,Reina Montenegro Lugo,+56 9 5320 0218,Disfruta de una estadía en el corazón de la ciudad,5,,3
106391,Sta. Cristina Frías Páez,,Relájate en un lugar tranquilo y acogedor,4,3,3
106527,Sr. Lorenzo Aguirre Zúñiga,+56 9 6294 5331,,5,5,4
106758,Timoteo Cano Cabrera,+56 2 0758 7117,Experimenta el lujo y la comodidad en este alojamiento,,5,3
106831,Sra. Julia Salas Salgado,+56 2 6286 3313,,4,4,3
107023,Jorge Enríquez Delvalle,+56 2 0101 3697,Disfruta de una estadía en el corazón de la ciudad,,,4
107037,,+56 9 3719 4631,Descubre la historia de la ciudad desde tu ventana,4,5,4
107120,,+56 9 5349 4304,Ideal para una escapada romántica,5,1,4
107374,Gregorio Roldán Viera,,Ideal para una escapada romántica,4,5,3
107493,Guillermina Negrete Leyva,+56 2 7759 5818,,2,3,3
107500,,+56 9 9544 2265,Disfruta de una estadía en el corazón de la ciudad,5,4,3
107622,Sra. Cristobal Tapia Arteaga,+56 2 1628 9737,,5,2,2
107667,Alejandra Rascón Calderón,+56 2 6275 0293,,6,,4
107914,Cristina Blanco Patiño,+56 9 1560 6122,Relájate en un lugar tranquilo y acogedor,2,3,
107937,Diana Díaz Mercado,+56 2 2765 7560,Perfecto para familias y grupos grandes,3,,
107940,Hugo Matos Villaseñor,+56 9 5849 0628,Ideal para una escapada romántica,6,4,
107993,Timoteo Prieto Olivo,+56 9 6582 0652,Relájate en un lugar tranquilo y acogedor,2,3,
108239,Óscar Alva Blanco,,Relájate en un lugar tranquilo y acogedor,3,3,1
108329,Sr. Pedro Adame Pizarro,+56 2 7211 0539,Ubicación céntrica con fácil acceso a atracciones turísticas,3,,2
108364,,+56 2 2322 5922,Perfecto para familias y grupos grandes,6,6,4
108372,Patricio Vergara Carrion,,Ubicación céntrica con fácil acceso a atracciones turísticas,5,5,
108549,,+56 9 7640 6793,Experimenta el lujo y la comodidad en este alojamiento,6,,4
108589,Claudia Ornelas Olvera,+56 9 1902 5512,Experimenta el lujo y la comodidad en este alojamiento,3,4,
108600,,+56 2 8624 5318,Perfecto para familias y grupos grandes,5,4,4
108614,Alfredo Lovato Bernal,+56 9 7497 2820,,4,4,3
108631,Sr. Adriana Solorio Miranda,+56 9 8418 9929,Experimenta el lujo y la comodidad en este alojamiento,4,2,
108639,,+56 2 8536 9363,Disfruta de una estadía en el corazón de la ciudad,3,1,2
108672,Juan Carlos Alonzo Marrero,+56 2 8339 1270,Aventúrate en la naturaleza y descansa en un lugar cómodo,,5,3
109584,Elvira Delapaz Sedillo,+56 9 5788 5271,,2,2,1
109638,Sr. Jaime Ramírez Olvera,,Disfruta de una estadía en el corazón de la ciudad,6,5,4
109705,,+56 2 0522 4586,Aventúrate en la naturaleza y descansa en un lugar cómodo,4,4,4
109729,,+56 9 4287 3096,,2,3,2
109812,Bernardo Guillen Castellanos,+56 9 9246 8549,Ideal para una escapada romántica,,3,1
110340,Arturo Herrera Alonzo,+56 2 6304 1603,Relájate en un lugar tranquilo y acogedor,5,4,
110388,Concepción Mercado Montez,+56 2 4543 5015,,6,6,3
110497,,+56 9 8987 0350,Relájate en un lugar tranquilo y acogedor,2,3,
110502,,+56 9 6513 8895,Ubicación céntrica con fácil acceso a atracciones turísticas,2,2,2
110652,,+56 2 8594 9685,Perfecto para familias y grupos grandes,3,2,2
111225,,+56 9 9028 8560,Ideal para una escapada romántica,3,2,2
111258,Ana María Nieves Sepúlveda,+56 9 2651 5455,,4,5,3
111272,Timoteo Flórez Prieto,+56 2 5427 8197,Experimenta el lujo y la comodidad en este alojamiento,6,5,
111355,,+56 9 2476 4426,Disfruta de una estadía en el corazón de la ciudad,4,,3
111362,Beatriz Granado Curiel,+56 2 8722 7278,,5,5,3
111401,Luz Canales Narváez,+56 2 1534 0995,Aventúrate en la naturaleza y descansa en un lugar cómodo,4,,3
111521,,+56 2 3945 2133,Ubicación céntrica con fácil acceso a atracciones turísticas,3,2,2
111609,Sta. Juan Carlos Vela Nava,,Disfruta de una estadía en el corazón de la ciudad,5,4,4
111702,,+56 2 5238 1015,Relájate en un lugar tranquilo y acogedor,2,2,1
111747,,+56 9 5711 0653,Ideal para una escapada romántica,4,,2
111968,,+56 2 5307 3865,Experimenta el lujo y la comodidad en este alojamiento,4,6,3
112098,Sta. David Alemán Arce,+56 2 9622 5023,Aventúrate en la naturaleza y descansa en un lugar cómodo,5,4,
112117,Ramón Miramontes Rosales,+56 9 0719 4262,Perfecto para familias y grupos grandes,,6,3
112182,,+56 9 1581 0455,Ideal para una escapada romántica,3,3,3
112194,Juan Espino Rivera,,Ubicación céntrica con fácil acceso a atracciones turísticas,2,4,2
112251,Ramón Gamez Delgadillo,+56 9 9357 9300,Perfecto para familias y grupos grandes,,6,3
112383,Ana María Benavídez Badillo,+56 2 8916 7645,,4,5,2
112450,,+56 2 4370 8772,Disfruta de una estadía en el corazón de la ciudad,2,3,2
112496,Gustavo Rubio Nieves,+56 9 4125 7505,Experimenta el lujo y la comodidad en este alojamiento,,6,3
112579,Sta. Carlos Baeza Arenas,+56 9 1126 0571,Disfruta de una estadía en el corazón de la ciudad,3,3,
112595,Benjamín Casares Enríquez,+56 9 8143 7056,,2,2,
112617,Sta. Fernando Rendón Páez,+56 2 5869 7365,,3,2,1
112628,María Eugenia Gracia Quiñones,+56 2 7352 5841,,3,4,3
112655,Claudia Varela Esquivel,,Ideal para una escapada romántica,4,4,1
112681,,+56 2 5255 8847,Descubre la historia de la ciudad desde tu ventana,3,3,1
112796,Benjamín Lovato Villalpando,+56 2 6821 3580,Relájate en un lugar tranquilo y acogedor,2,2,
112892,Sta. Claudio Lebrón Gallegos,+56 2 0067 4099,Ideal para una escapada romántica,,4,2
112952,Anita Puente Arenas,+56 9 0880 0308,Experimenta el lujo y la comodidad en este alojamiento,5,4,
112975,Ana Luisa Sarabia Prieto,+56 9 0324 8075,,4,4,4
113023,Ramona Melgar Porras,+56 2 2189 4939,Ubicación céntrica con fácil acceso a atracciones turísticas,4,,3
113153,,+56 2 3484 8642,Disfruta de una estadía en el corazón de la ciudad,2,4,3
113278,Catalina Aguirre Vargas,,Disfruta de una estadía en el corazón de la ciudad,4,4,3
113379,Daniela Contreras Delagarza,+56 2 1723 7335,,5,5,3
113417,Sta. Gonzalo Ávila Abeyta,+56 9 0116 6317,Ideal para una escapada romántica,,2,2
113434,Sra. Rocio Cano Corrales,+56 9 8988 4332,Ideal para una escapada romántica,5,3,
113537,Florencia Carrasquillo Lara,+56 9 7124 7261,Perfecto para familias y grupos grandes,4,,3
113745,Vicente Feliciano Villagómez,+56 2 6220 0650,,4,3,2
113846,Claudio Beltrán González,,Experimenta el lujo y la comodidad en este alojamiento,2,2,2
113967,Pedro Miramontes Cuellar,+56 9 5539 0383,Aventúrate en la naturaleza y descansa en un lugar cómodo,,2,3
114013,Francisca Almaraz Tirado,+56 2 7014 3917,,,2,1
114116,,+56 9 5613 9674,Ubicación céntrica con fácil acceso a atracciones turísticas,6,5,4
114163,Graciela Orellana Olvera,,,4,6,3
114168,Sr. Antonia Gutiérrez Villaseñor,+56 9 8903 9845,Ubicación céntrica con fácil acceso a atracciones turísticas,3,,
114189,,+56 9 6088 1184,Ideal para una escapada romántica,5,5,2
114248,Sra. Manuela Almonte Cervántez,+56 2 1552 8273,Perfecto para familias y grupos grandes,,6,3
114359,Lorenzo Muñoz Lucero,+56 9 1888 2901,Ubicación céntrica con fácil acceso a atracciones turísticas,,2,2
114404,Sra. Óscar Solorzano Padilla,+56 9 2547 6382,,5,,4
114465,Jerónimo Fuentes Frías,,Experimenta el lujo y la comodidad en este alojamiento,,6,3
114483,Verónica Calvillo Meraz,+56 9 6280 2047,Descubre la historia de la ciudad desde tu ventana,5,,3
114537,Felipe Zamora Cantú,,Relájate en un lugar tranquilo y acogedor,2,6,2
114574,Agustín Vázquez Garza,+56 9 3310 7342,Descubre la historia de la ciudad desde tu ventana,,6,4
114862,Daniel Negrón Flores,+56 2 7041 9571,Aventúrate en la naturaleza y descansa en un lugar cómodo,,2,3
114928,Daniela Apodaca Camacho,+56 2 0632 1750,Descubre la historia de la ciudad desde tu ventana,2,3,
114938,Jorge Cazares Mireles,+56 9 5454 2922,,5,3,2
114962,Antonio Leal Granado,+56 2 8058 1495,Perfecto para familias y grupos grandes,6,5,
114965,Francisco Gastélum Hernández,+56 2 7817 3974,,4,6,3
114980,Francisca Arredondo Trejo,+56 9 7464 8204,Disfruta de una estadía en el corazón de la ciudad,2,,3
115089,Sra. Gonzalo Bravo Peres,,Ideal para una escapada romántica,3,3,2
115158,Ana Esparza Mateo,+56 2 5850 4918,Disfruta de una estadía en el corazón de la ciudad,4,4,
115184,Gabriela Aguayo Herrera,+56 9 8313 1068,,4,6,3
115237,Ramón Arroyo Zarate,,Experimenta el lujo y la comodidad en este alojamiento,3,4,3
115393,Octavio Bañuelos Montaño,+56 2 3263 2638,Perfecto para familias y grupos grandes,4,,3
115525,Antonio Rael Arenas,+56 9 9577 8930,,6,4,3
115730,Sra. Emilia Orozco Robles,+56 2 2107 7675,Descubre la historia de la ciudad desde tu ventana,3,4,
115884,,+56 9 8201 9743,Ubicación céntrica con fácil acceso a atracciones turísticas,2,3,1
115956,Antonio Garza Galindo,+56 9 9009 6305,Ideal para una escapada romántica,,2,1
116343,,+56 2 5713 5226,Descubre la historia de la ciudad desde tu ventana,4,4,3
116497,Eva Niño Alarcón,+56 2 1743 7380,Ideal para una escapada romántica,3,,2
116641,,,Aventúrate en la naturaleza y descansa en un lugar cómodo,2,4,3
116855,Rebeca Zúñiga Olivo,+56 9 2884 4929,Perfecto para familias y grupos grandes,6,,2
116894,,+56 9 1941 1176,Relájate en un lugar tranquilo y acogedor,5,4,3
116963,Adela Ruelas Velasco,+56 9 7815 2334,Relájate en un lugar tranquilo y acogedor,3,,1
117036,Sr. Marcos Lira Juárez,+56 2 1797 5328,,2,4,2
117095,,+56 2 0634 0156,Descubre la historia de la ciudad desde tu ventana,2,2,
117112,Juan Alaniz Chapa,+56 2 9671 2844,Descubre la historia de la ciudad desde tu ventana,,2,2
117209,Graciela Cano Soria,+56 9 3408 1304,Aventúrate en la naturaleza y descansa en un lugar cómodo,3,,4
117294,,+56 2 6786 4656,Ubicación céntrica con fácil acceso a atracciones turísticas,4,5,3
117541,Rosa Ocasio Montañez,+56 2 2825 7626,Descubre la historia de la ciudad desde tu ventana,4,,3
117821,Octavio Contreras Vigil,,Perfecto para familias y grupos grandes,4,5,3
117836,Gilberto Escamilla Tapia,+56 2 3045 9277,Ubicación céntrica con fácil acceso a atracciones turísticas,,3,1
117885,Isabela Archuleta Sarabia,+56 2 4663 4615,Ideal para una escapada romántica,,3,2
118016,Miguel Ángel Solís Nava,+56 2 5509 2940,Descubre la historia de la ciudad desde tu ventana,,3,3
118030,,+56 2 6525 3654,Aventúrate en la naturaleza y descansa en un lugar cómodo,3,2,3
118149,Jesús Fuentes Soria,,Experimenta el lujo y la comodidad en este alojamiento,5,4,3
118203,Agustín Polanco Sarabia,+56 2 3165 1742,,,4,
118453,Sonia Matías Armas,+56 2 5549 5513,Aventúrate en la naturaleza y descansa en un lugar cómodo,3,5,
118519,Sr. Mayte Mota Lugo,+56 9 8353 1575,,2,2,2
118516,Sta. Rocio Esquivel Cardenas,+56 2 9583 5814,Disfruta de una estadía en el corazón de la ciudad,,3,2
118550,,,Disfruta de una estadía en el corazón de la ciudad,4,4,3
118617,Mateo Paredes Ocampo,,Perfecto para familias y grupos grandes,6,5,3
118689,,+56 2 2938 9391,Ubicación céntrica con fácil acceso a atracciones turísticas,4,,2
118691,Gloria Caballero Ávalos,+56 9 6020 3368,,5,5,2
118731,Carmen Tejada Limón,,,6,4,3
118869,Elena Arce Maya,+56 9 2090 6599,Descubre la historia de la ciudad desde tu ventana,1,,4
118900,Gonzalo Pelayo Cano,+56 2 5751 1946,Ubicación céntrica con fácil acceso a atracciones turísticas,,5,3
119066,Emilio Gallardo Munguía,,Experimenta el lujo y la comodidad en este alojamiento,4,5,3
119068,,+56 2 6387 9763,Aventúrate en la naturaleza y descansa en un lugar cómodo,4,3,2
119150,Germán Medina Domínguez,+56 9 6731 7222,,4,4,3
119159,Timoteo Meraz Mesa,+56 9 0206 1437,Experimenta el lujo y la comodidad en este alojamiento,,4,2
119219,Mercedes Zepeda Guevara,,Disfruta de una estadía en el corazón de la ciudad,5,4,3
119305,,+56 9 6134 8095,Disfruta de una estadía en el corazón de la ciudad,4,4,2
119667,María Tello Delgadillo,+56 2 9252 0915,,4,6,3
119871,Sr. Eduardo Arevalo Benítez,,Descubre la historia de la ciudad desde tu ventana,2,3,2
119879,Adriana Contreras Samaniego,+56 2 6244 0994,Ubicación céntrica con fácil acceso a atracciones turísticas,4,2,
120120,Mariana Benítez Velásquez,+56 2 5762 9408,Experimenta el lujo y la comodidad en este alojamiento,,3,2
120148,Rebeca Roque Alarcón,+56 2 4378 9344,Ubicación céntrica con fácil acceso a atracciones turísticas,6,,4
120167,Luis Barrera Terán,+56 2 9604 4995,Descubre la historia de la ciudad desde tu ventana,4,,4
120334,Guillermina Zarate Alva,+56 2 9326 9741,,2,3,3
120359,Jerónimo Manzanares Hinojosa,+56 9 0198 8192,Experimenta el lujo y la comodidad en este alojamiento,4,,4
120418,,+56 9 6388 6829,Descubre la historia de la ciudad desde tu ventana,4,5,2
120764,Sta. Claudio Olmos Cano,+56 9 8580 3058,Disfruta de una estadía en el corazón de la ciudad,,3,3
120805,Mayte Reyes Guardado,,,4,4,4
120819,Julio Rendón Campos,+56 2 1285 8194,Aventúrate en la naturaleza y descansa en un lugar cómodo,2,3,
120836,Sra. Armando Rosario Jaimes,+56 9 6754 6634,Experimenta el lujo y la comodidad en este alojamiento,4,,4
121054,,+56 2 5727 8148,Perfecto para familias y grupos grandes,5,5,4
121142,,+56 2 1550 3415,Ubicación céntrica con fácil acceso a atracciones turísticas,2,2,2
121230,Lourdes Saldivar Sáenz,+56 2 3305 6586,Ideal para una escapada romántica,,,2
121243,Nicolás Arellano Arteaga,+56 9 4365 7203,Ideal para una escapada romántica,,2,3
121581,Sra. Ernesto Riojas Almonte,+56 9 0948 2305,,2,3,2
121651,Esperanza Chapa Castañeda,,Ubicación céntrica con fácil acceso a atracciones turísticas,2,2,1
121667,Sta. Raúl Razo Cuellar,,Ideal para una escapada romántica,4,3,2
121791,Gerardo Reynoso Barrera,,Ubicación céntrica con fácil acceso a atracciones turísticas,3,3,4
122145,Sta. Olivia Madrigal Ruiz,+56 2 9733 6180,,6,4,2
122200,Marta Badillo Loya,,Aventúrate en la naturaleza y descansa en un lugar cómodo,3,3,2
122663,Josefina Alba Olmos,+56 9 2478 4859,Aventúrate en la naturaleza y descansa en un lugar cómodo,2,,4
122724,Lourdes Núñez Ballesteros,+56 9 7381 0189,Descubre la historia de la ciudad desde tu ventana,4,,2
122936,Rodrigo Cabán Muñiz,+56 9 1914 1697,Experimenta el lujo y la comodidad en este alojamiento,2,,2
123014,Joaquín Canales Ojeda,+56 2 5692 4705,,,3,3
123224,Gustavo Sarabia Campos,+56 9 3994 2455,,2,,1
123353,Leticia Mata Rascón,+56 2 9824 0595,Ideal para una escapada romántica,,4,2
123693,,+56 9 9401 4254,Descubre la historia de la ciudad desde tu ventana,,,4
123822,Germán Rentería Maldonado,+56 9 1504 9433,Perfecto para familias y grupos grandes,3,,3
123925,José Lemus Almonte,+56 2 5591 8810,,3,4,3
124014,Martín Lozada Contreras,+56 2 4998 1488,Ubicación céntrica con fácil acceso a atracciones turísticas,6,5,
124117,Sta. Eduardo Becerra Reyes,+56 9 6666 1890,Aventúrate en la naturaleza y descansa en un lugar cómodo,,2,3
124263,Ramón Otero Rico,+56 9 8609 6211,Perfecto para familias y grupos grandes,2,,2
124430,Sta. María del Carmen Gaona Rodarte,,Descubre la historia de la ciudad desde tu ventana,2,3,1
124578,Sr. Julio César Quiñónez Tamayo,+56 9 4464 6745,,,4,3
124848,Diego Quintanilla Toro,+56 2 8574 4964,,,4,2
124859,,+56 2 9175 6521,,4,6,4
125203,,+56 9 0492 7332,Disfruta de una estadía en el corazón de la ciudad,4,3,3
125233,Teodoro Centeno Laboy,,Perfecto para familias y grupos grandes,3,2,3
125537,,+56 2 1276 7917,Aventúrate en la naturaleza y descansa en un lugar cómodo,,5,3
125582,Marisol de Jesús Camacho,+56 9 9501 1114,Aventúrate en la naturaleza y descansa en un lugar cómodo,,6,1
125668,Felipe Gutiérrez Casárez,+56 9 9438 5434,Perfecto para familias y grupos grandes,5,,3
125718,Ana Luisa Armenta Cortez,+56 2 6647 2891,Perfecto para familias y grupos grandes,,6,4
125793,Anita Quezada Córdova,+56 9 8247 6758,Ubicación céntrica con fácil acceso a atracciones turísticas,,4,2
125813,Jerónimo Santiago Arce,,Perfecto para familias y grupos grandes,5,4,4
126026,Sr. Joaquín Rivero Meraz,,Perfecto para familias y grupos grandes,5,6,4
126032,Concepción Preciado Mora,+56 2 8051 1619,,4,2,2
126421,,+56 2 8481 1639,Relájate en un lugar tranquilo y acogedor,5,6,4
126434,,+56 2 1908 3182,,5,5,1
126492,Sta. Samuel Ledesma Lemus,+56 9 8490 7781,Ideal para una escapada romántica,,,2
126653,,,Ubicación céntrica con fácil acceso a atracciones turísticas,4,4,4
126745,Pedro Razo Porras,+56 9 3102 0919,Perfecto para familias y grupos grandes,4,,4
126914,Eloisa Mojica Piña,+56 2 1175 7717,Disfruta de una estadía en el corazón de la ciudad,5,,3
126941,Amalia Rubio Guardado,+56 2 2665 8552,Ubicación céntrica con fácil acceso a atracciones turísticas,4,,2
127051,Luz Téllez Monroy,+56 9 2421 8836,Perfecto para familias y grupos grandes,6,,4
127071,Norma Rosales Moreno,+56 9 3236 8249,,3,3,2
127105,Leticia Canales Leiva,+56 9 3735 8472,Ideal para una escapada romántica,5,,3
127189,Gabriel Yáñez Matos,+56 9 0915 8098,Aventúrate en la naturaleza y descansa en un lugar cómodo,,5,4
127484,Sra. Ramiro Valverde de Jesús,+56 2 5208 0638,,3,4,3
127510,Raquel Benavídez Sisneros,+56 2 5515 2482,Experimenta el lujo y la comodidad en este alojamiento,,5,4
127711,Barbara Paz Rolón,+56 2 1155 4142,Perfecto para familias y grupos grandes,2,3,
127821,Sta. Andrés Mota Ulibarri,+56 2 2358 5678,Aventúrate en la naturaleza y descansa en un lugar cómodo,2,,4
127913,Miguel Carreón Sierra,,Relájate en un lugar tranquilo y acogedor,2,5,3
127968,Sta. Francisco Rosario Guzmán,+56 2 3397 1548,Descubre la historia de la ciudad desde tu ventana,5,6,
128242,Dolores Madrid Muro,+56 9 9884 9526,Ideal para una escapada romántica,5,3,
128280,David Orozco Godínez,+56 9 6224 1809,Disfruta de una estadía en el corazón de la ciudad,,5,3
128336,Sra. Luis Miguel Flórez Bonilla,+56 9 8584 5578,Aventúrate en la naturaleza y descansa en un lugar cómodo,3,2,
128339,Sta. Marcos Delrío Badillo,,Ideal para una escapada romántica,3,4,2
128576,Santiago Castillo Alcala,+56 2 2923 3674,,,5,3
128750,,+56 2 8943 7246,Disfruta de una estadía en el corazón de la ciudad,5,3,2
128758,Débora Bravo Pacheco,+56 2 6958 0407,,3,2,3
128861,Sta. Benito Tirado Franco,+56 2 0058 4599,Disfruta de una estadía en el corazón de la ciudad,5,,3
129071,,+56 9 1429 5286,,4,6,3
129128,Sta. Marilu Benítez Arce,+56 9 7977 8163,,5,5,3
129311,,+56 2 2885 3567,,6,5,4
129466,Alejandro Coronado Villanueva,+56 2 2633 3773,,5,5,2
129494,Elena Atencio Altamirano,+56 9 6174 2836,Aventúrate en la naturaleza y descansa en un lugar cómodo,,6,4
129595,Lucia Leal Esparza,+56 9 1648 9478,Perfecto para familias y grupos grandes,4,,4
129761,,+56 9 7362 7595,Descubre la historia de la ciudad desde tu ventana,4,3,3
129794,,+56 9 1624 9988,Experimenta el lujo y la comodidad en este alojamiento,3,,4
129796,,+56 9 9798 1091,Aventúrate en la naturaleza y descansa en un lugar cómodo,5,4,4
129857,Raquel Jaime Rascón,+56 9 9430 8618,Ideal para una escapada romántica,4,3,
129861,Jacobo Arredondo Irizarry,+56 9 0969 4556,Perfecto para familias y grupos grandes,,3,1
129887,Marco Antonio Segovia Vásquez,+56 9 0990 7828,,6,5,3
129955,Patricia Montañez Márquez,+56 2 1870 5114,,2,2,2
130035,Teresa Montañez Leyva,+56 2 9044 5851,,3,4,2
130167,Enrique Quezada Hinojosa,+56 2 7070 5008,,4,5,3
130210,Francisca Cisneros Velásquez,,Perfecto para familias y grupos grandes,2,3,2
130344,Mayte Guerrero Abeyta,+56 9 4830 8929,,5,4,3
130356,Elisa Alonzo Paredes,+56 2 6997 2506,Relájate en un lugar tranquilo y acogedor,2,4,
131033,Óscar Alarcón Rosario,,Aventúrate en la naturaleza y descansa en un lugar cómodo,1,,3
131125,,+56 9 6481 0922,Aventúrate en la naturaleza y descansa en un lugar cómodo,6,4,
131451,Sr. Mateo Botello Jaimes,+56 2 9932 9672,Ideal para una escapada romántica,6,6,
131465,Sta. Marco Antonio Solorzano Escamilla,+56 9 1233 9294,,5,5,3
131483,Rosario Rico Rivera,+56 9 1592 5731,Descubre la historia de la ciudad desde tu ventana,2,2,
131513,Carlos Navarrete Tijerina,+56 9 5841 9923,Ideal para una escapada romántica,2,,2
131573,María Soledad Valentín Solano,,Experimenta el lujo y la comodidad en este alojamiento,4,3,2
131602,Marisol Salcedo Manzanares,,Descubre la historia de la ciudad desde tu ventana,6,5,4
131694,Elisa Miramontes Rivero,+56 2 7148 1369,Experimenta el lujo y la comodidad en este alojamiento,,,4
131718,José María Yáñez Cardenas,+56 9 5522 2656,,4,,2
131767,,+56 2 2962 9766,Disfruta de una estadía en el corazón de la ciudad,3,4,3
131811,Gustavo Pedroza Méndez,,Descubre la historia de la ciudad desde tu ventana,5,5,3
131948,José María Barreto Tamayo,+56 9 0937 3029,,4,4,3
132310,Hugo Chacón Bétancourt,,,5,4,4
132417,Germán Fierro de Anda,,Perfecto para familias y grupos grandes,4,6,4
132605,Clara Aponte Alvarez,+56 9 9725 1647,,5,4,2
132843,Sta. Débora Rael Acuña,+56 9 5338 8879,,,2,1
132932,Mariano Orellana Lozano,,Relájate en un lugar tranquilo y acogedor,5,4,2
133140,María Teresa Araña Oquendo,+56 2 4582 1595,Aventúrate en la naturaleza y descansa en un lugar cómodo,2,,2
133170,Sta. Leticia Esquibel Alonzo,,Ideal para una escapada romántica,4,3,2
133225,Clemente Lucero Sisneros,+56 9 9185 7410,Aventúrate en la naturaleza y descansa en un lugar cómodo,,6,4
133370,Julio César Abrego Quesada,,Ubicación céntrica con fácil acceso a atracciones turísticas,2,6,3
133677,Concepción Guajardo Barragán,,Perfecto para familias y grupos grandes,6,4,4
133685,,+56 9 3743 2628,Aventúrate en la naturaleza y descansa en un lugar cómodo,4,3,2
133734,Lorena Corona Mayorga,+56 2 6796 1696,,6,6,4
133939,Ángela Ávila Alva,+56 9 5790 3514,Experimenta el lujo y la comodidad en este alojamiento,6,5,
134089,Elisa Olivera Medina,+56 2 6688 0900,Relájate en un lugar tranquilo y acogedor,,3,2
134246,Sra. Concepción Sanches Irizarry,+56 2 2894 5385,,5,4,3
134261,Alicia Tello Robledo,+56 2 1578 6928,,5,5,4
134308,Sra. Carmen Valencia Ledesma,+56 2 1659 7677,,5,6,3
134348,Sta. Adela Meléndez Fernández,+56 2 5523 8823,,4,2,2
134605,,+56 9 4855 1604,Perfecto para familias y grupos grandes,4,2,2
134917,Sr. Jerónimo Verduzco Colón,+56 9 4424 2722,Ideal para una escapada romántica,,6,4
135049,Sta. Soledad Delrío Vargas,,Disfruta de una estadía en el corazón de la ciudad,4,6,4
135072,Mateo Quesada Abeyta,+56 9 5787 3887,Ideal para una escapada romántica,2,,3
135079,Jorge Robledo Armendáriz,+56 2 0986 3851,Perfecto para familias y grupos grandes,6,,4
135096,Rafael Puente Archuleta,+56 9 2031 4831,Experimenta el lujo y la comodidad en este alojamiento,5,5,
135104,Adriana Serrano Marín,+56 9 3009 5693,Descubre la historia de la ciudad desde tu ventana,,2,1
135142,,+56 9 0230 6218,Perfecto para familias y grupos grandes,4,5,4
135272,,+56 2 8699 9254,Experimenta el lujo y la comodidad en este alojamiento,1,3,3
135345,José María Casares Franco,+56 9 0166 9175,Aventúrate en la naturaleza y descansa en un lugar cómodo,6,,4
135534,Sr. María Elena Cerda Lemus,,,6,,4
135546,Gabriel Guardado Alonso,+56 9 6774 6660,Aventúrate en la naturaleza y descansa en un lugar cómodo,3,,2
135739,Sr. Clemente Posada Gil,+56 2 2675 5306,Descubre la historia de la ciudad desde tu ventana,,5,2
135791,Sta. José Carvajal Molina,+56 9 2877 5272,Perfecto para familias y grupos grandes,4,,4
135847,Agustín Macías Ávalos,+56 9 9426 0769,,2,3,2
135873,,+56 9 3641 7628,Disfruta de una estadía en el corazón de la ciudad,2,2,1
136061,Rocio Heredia Tórrez,,Relájate en un lugar tranquilo y acogedor,4,4,2
136066,María Frías Palomino,,Ubicación céntrica con fácil acceso a atracciones turísticas,5,5,2
136532,Cecilia Feliciano Corrales,,Descubre la historia de la ciudad desde tu ventana,5,1,3
136619,,+56 9 7204 7978,Descubre la historia de la ciudad desde tu ventana,5,5,2
136728,Mónica Munguía Cano,+56 2 0489 4029,Perfecto para familias y grupos grandes,3,2,
136946,,+56 9 5433 1742,Descubre la historia de la ciudad desde tu ventana,,5,2
137021,,+56 9 9034 7395,Relájate en un lugar tranquilo y acogedor,5,4,3
137095,Ernesto Cabán Orosco,+56 9 0889 9388,Experimenta el lujo y la comodidad en este alojamiento,2,3,
137154,,+56 2 1489 0816,Relájate en un lugar tranquilo y acogedor,4,4,3
137186,Guillermo Briones Ybarra,,Ubicación céntrica con fácil acceso a atracciones turísticas,3,2,2
137336,Alicia Sánchez Robledo,+56 2 4925 7431,,5,5,3
137343,Pablo Figueroa Medrano,+56 9 7850 3147,Aventúrate en la naturaleza y descansa en un lugar cómodo,,6,3
137378,Sra. Florencia Alejandro Ramírez,+56 9 4633 6904,Ubicación céntrica con fácil acceso a atracciones turísticas,3,,2
137385,,+56 9 1713 6006,Descubre la historia de la ciudad desde tu ventana,4,4,3
137478,,+56 2 9459 0421,Ubicación céntrica con fácil acceso a atracciones turísticas,6,4,4
155563,,+56 2 6409 9053,Perfecto para familias y grupos grandes,2,3,1
137880,Timoteo Quintanilla Calvillo,+56 9 7990 7644,Disfruta de una estadía en el corazón de la ciudad,,4,
137927,Raquel Samaniego Portillo,+56 2 1712 9516,Descubre la historia de la ciudad desde tu ventana,,2,1
138103,Miguel Ángel Valadez Matías,+56 9 8446 6871,Experimenta el lujo y la comodidad en este alojamiento,,4,3
138205,Jacobo Burgos Castro,,Perfecto para familias y grupos grandes,4,5,2
138297,Dolores Sáenz Feliciano,+56 9 7188 1856,Aventúrate en la naturaleza y descansa en un lugar cómodo,5,,3
138320,Gabriel Maldonado Baca,+56 2 1290 6359,,3,2,2
138413,Reina Granado Bernal,,Experimenta el lujo y la comodidad en este alojamiento,4,3,2
138647,Alberto Sanabria Deleón,+56 9 5825 5872,,4,3,2
138946,Sr. Esteban Segovia Garica,+56 2 9213 4681,Relájate en un lugar tranquilo y acogedor,4,,3
138960,Armando Castillo Miranda,+56 2 1522 9023,Experimenta el lujo y la comodidad en este alojamiento,,3,1
138972,Soledad Cardenas Armas,,Disfruta de una estadía en el corazón de la ciudad,3,4,3
138990,,+56 2 8829 4442,Ideal para una escapada romántica,2,3,
139117,Barbara Quiroz Meléndez,+56 9 9090 6564,Ideal para una escapada romántica,,6,4
139157,Amalia Garay Téllez,,Relájate en un lugar tranquilo y acogedor,,2,2
139184,,+56 9 1847 4119,Descubre la historia de la ciudad desde tu ventana,,3,2
139191,Sra. Gerardo Guerrero Medina,+56 2 3831 8240,,5,6,4
139240,Sr. Sara Alcala Perales,+56 2 0911 8412,Perfecto para familias y grupos grandes,2,5,
139256,Juana Carrera Madera,+56 2 5629 0395,Ideal para una escapada romántica,2,,1
139390,Isabela Quiroz Sáenz,+56 2 0241 4777,Ubicación céntrica con fácil acceso a atracciones turísticas,2,4,
139467,,+56 2 7205 9314,Aventúrate en la naturaleza y descansa en un lugar cómodo,4,2,3
139500,Francisca Robledo Pedroza,+56 9 7921 2027,,2,4,3
139506,Sta. Rosario Contreras Pantoja,+56 2 6015 0142,Descubre la historia de la ciudad desde tu ventana,3,,1
139831,Amalia Casas Santana,+56 2 9412 8437,Aventúrate en la naturaleza y descansa en un lugar cómodo,,5,3
139880,Ignacio Hidalgo Aguilera,+56 2 3086 5523,Aventúrate en la naturaleza y descansa en un lugar cómodo,,3,1
139923,Cristobal Montañez Arguello,+56 2 2294 1545,Ideal para una escapada romántica,,5,3
140005,Diana Linares Verdugo,+56 2 3476 9720,Ideal para una escapada romántica,2,3,
140223,,+56 2 9283 8174,Perfecto para familias y grupos grandes,5,5,3
140279,Adriana Arce Tovar,+56 9 1022 7907,,3,3,2
140330,Samuel Lomeli Madrid,+56 2 5672 0753,Aventúrate en la naturaleza y descansa en un lugar cómodo,,4,4
140354,Elena Guerrero Soto,+56 2 3636 9307,Relájate en un lugar tranquilo y acogedor,5,,4
140426,Sra. Rosa Bonilla Alvarez,,Disfruta de una estadía en el corazón de la ciudad,4,3,3
140549,Sra. Pilar Centeno Espinoza,+56 2 6348 4994,Relájate en un lugar tranquilo y acogedor,,,1
140714,,+56 2 6398 9280,Aventúrate en la naturaleza y descansa en un lugar cómodo,,5,2
140748,Eduardo Anguiano Caraballo,,Ubicación céntrica con fácil acceso a atracciones turísticas,6,5,4
140817,,+56 9 6062 4180,Ideal para una escapada romántica,6,4,3
140829,Patricio Palomino Romero,,Descubre la historia de la ciudad desde tu ventana,5,4,
140856,Ricardo Colunga Zamudio,+56 2 3175 9582,,4,4,
140920,,+56 9 8748 9843,,3,2,2
141290,Sra. Joaquín Abrego Adorno,+56 9 3387 4822,Perfecto para familias y grupos grandes,,3,2
141527,María Soledad Borrego Tejeda,+56 9 4716 2578,,5,4,
141709,Sta. Roberto Muñoz Montez,,Ubicación céntrica con fácil acceso a atracciones turísticas,4,2,3
141715,José Romero Enríquez,+56 2 7286 0268,Aventúrate en la naturaleza y descansa en un lugar cómodo,,2,2
141856,Vicente Perea Tejeda,+56 2 8016 8214,Aventúrate en la naturaleza y descansa en un lugar cómodo,6,,3
141988,Esperanza Ontiveros Becerra,+56 9 2118 6098,Ideal para una escapada romántica,,5,4
142081,,+56 2 3207 9489,Descubre la historia de la ciudad desde tu ventana,4,5,2
142200,Sr. Leticia Chávez Montenegro,+56 9 6096 9720,Disfruta de una estadía en el corazón de la ciudad,2,,2
142212,Jerónimo Gastélum Calvillo,+56 9 9327 0959,Perfecto para familias y grupos grandes,6,6,
142252,Gabriel Patiño Vargas,+56 2 1062 0698,Ubicación céntrica con fácil acceso a atracciones turísticas,2,,2
142488,,+56 9 1925 4420,Descubre la historia de la ciudad desde tu ventana,4,5,2
142648,Germán Navarro Lemus,+56 9 8261 7573,,2,4,3
142663,Guadalupe Salcedo Riojas,+56 9 9338 5943,,2,3,2
142883,Sta. Verónica Magaña Burgos,,Descubre la historia de la ciudad desde tu ventana,2,2,2
142909,Sta. Sergio Quiroz Zaragoza,,Descubre la historia de la ciudad desde tu ventana,,5,3
143004,Rosario Quintero Coronado,+56 9 3644 8780,Ubicación céntrica con fácil acceso a atracciones turísticas,4,,4
143015,,+56 9 0418 2746,Aventúrate en la naturaleza y descansa en un lugar cómodo,2,2,2
143026,Andrea Perales Henríquez,+56 9 3756 8099,Experimenta el lujo y la comodidad en este alojamiento,6,,4
143134,Raúl Sotelo Alicea,+56 9 4427 9783,,3,5,3
143148,,+56 9 1241 5595,,3,3,2
143178,Sr. María Luisa Mondragón Galván,+56 2 6948 0678,Experimenta el lujo y la comodidad en este alojamiento,5,6,
143186,Adela Yáñez Carreón,+56 9 1403 1111,Relájate en un lugar tranquilo y acogedor,3,4,
143432,,+56 9 1201 2163,,5,5,3
143546,Cristian Fierro Mercado,+56 9 4169 1611,Ubicación céntrica con fácil acceso a atracciones turísticas,4,,3
143594,Rocio Ceballos Díaz,+56 2 8488 2233,,2,2,
143846,Gilberto Rentería Cavazos,,Relájate en un lugar tranquilo y acogedor,6,4,3
143895,Sta. Martín Carrero Domínguez,+56 2 6993 5840,Ubicación céntrica con fácil acceso a atracciones turísticas,,4,3
143954,Sr. Lucas Montenegro Puga,+56 2 8303 6242,Relájate en un lugar tranquilo y acogedor,,6,3
143980,Rodrigo Alicea Aguilera,+56 2 0025 7106,Relájate en un lugar tranquilo y acogedor,2,,2
144020,Graciela Ponce Bustos,+56 2 4606 0722,,4,4,3
144034,,+56 9 7934 1952,Ubicación céntrica con fácil acceso a atracciones turísticas,5,3,2
144205,Lorena Delrío Mireles,+56 9 2233 2181,Perfecto para familias y grupos grandes,,2,1
144247,Sta. Eloisa Ocampo Loya,+56 2 4534 3521,Aventúrate en la naturaleza y descansa en un lugar cómodo,6,,3
144480,Sta. Juana Fuentes Pacheco,+56 9 6265 2604,,4,5,2
144550,,+56 9 6578 9018,Aventúrate en la naturaleza y descansa en un lugar cómodo,4,4,3
155290,,+56 2 5192 4910,Relájate en un lugar tranquilo y acogedor,4,5,4
155291,Estela Merino Urrutia,+56 2 2377 5435,Aventúrate en la naturaleza y descansa en un lugar cómodo,3,,3
155301,Manuela Berríos Barrios,+56 2 7331 6471,Perfecto para familias y grupos grandes,6,,4
155307,Sra. Eduardo Contreras Rodarte,+56 9 4207 7713,,2,3,2
155308,José Uribe Vargas,,Disfruta de una estadía en el corazón de la ciudad,3,4,4
155314,César Arteaga Trejo,+56 9 8480 2426,Ideal para una escapada romántica,,6,3
155322,Diego Montero Rubio,,Relájate en un lugar tranquilo y acogedor,2,2,2
155323,Victoria Alcántar Espinal,+56 2 9182 1963,Ubicación céntrica con fácil acceso a atracciones turísticas,2,,2
155327,Jorge Sauceda Ríos,+56 2 5441 1575,Ubicación céntrica con fácil acceso a atracciones turísticas,,,1
155332,Sr. Guillermo Gil Carmona,+56 2 5953 8318,Descubre la historia de la ciudad desde tu ventana,,6,4
155334,Carolina Vera Balderas,,Experimenta el lujo y la comodidad en este alojamiento,3,4,2
155337,Julia Lemus Acuña,,Ideal para una escapada romántica,3,2,2
155341,,+56 9 8418 7229,Relájate en un lugar tranquilo y acogedor,3,5,1
155342,Pablo Loya Alaniz,+56 2 2926 0605,,5,3,2
155344,Teodoro Paredes Baeza,+56 2 1912 3123,,3,4,3
155347,Enrique Saldivar Rivas,+56 9 0087 9786,Experimenta el lujo y la comodidad en este alojamiento,3,3,
155353,Sr. María Eugenia Espinosa Peña,+56 9 4143 0494,Aventúrate en la naturaleza y descansa en un lugar cómodo,4,,3
155354,Nicolás Flórez Banda,+56 2 6841 8288,,2,5,4
155365,,+56 2 7575 8575,Relájate en un lugar tranquilo y acogedor,6,5,4
155372,,+56 9 6948 4645,Relájate en un lugar tranquilo y acogedor,6,5,4
155373,Sra. Ana María Ulloa Arguello,+56 9 4521 1386,Aventúrate en la naturaleza y descansa en un lugar cómodo,,3,1
155376,Cristina Medrano Maestas,+56 2 8689 9395,Perfecto para familias y grupos grandes,,6,
155377,,+56 9 8561 9885,Perfecto para familias y grupos grandes,5,3,3
155381,Sr. Carlos Valdez Cervántez,+56 2 8450 1224,Perfecto para familias y grupos grandes,3,,3
155383,Concepción Villanueva Calvillo,,Experimenta el lujo y la comodidad en este alojamiento,2,4,2
155386,Daniela Zúñiga Nieves,+56 9 4618 9665,,3,4,
155387,Inés Rangel Ontiveros,+56 2 0897 4331,Ubicación céntrica con fácil acceso a atracciones turísticas,,4,2
155391,Lorena Ferrer Lozada,+56 2 9005 3050,,2,3,1
155396,Patricio Loya Batista,,Ideal para una escapada romántica,4,6,4
155400,Dolores Duran Ulloa,+56 2 6388 4030,Ubicación céntrica con fácil acceso a atracciones turísticas,3,2,
155406,Virginia Jaime Villa,+56 2 7009 8081,Relájate en un lugar tranquilo y acogedor,2,,2
155407,Ricardo Nieves Sedillo,+56 2 2192 9160,Disfruta de una estadía en el corazón de la ciudad,,6,4
155410,Sta. Rocio Granado Nava,+56 9 2342 2540,Ideal para una escapada romántica,4,6,
155425,Javier Gamboa Alcaraz,+56 2 3329 4016,Ideal para una escapada romántica,,3,2
155426,Benito Regalado Carrera,,Ubicación céntrica con fácil acceso a atracciones turísticas,5,5,3
155438,Ramiro Garica Barrios,+56 9 1825 0628,Disfruta de una estadía en el corazón de la ciudad,4,4,
155441,Ángela Carrion Melgar,+56 2 5086 6678,Experimenta el lujo y la comodidad en este alojamiento,5,5,
155447,Felipe Bañuelos Mejía,+56 2 7075 1958,Ubicación céntrica con fácil acceso a atracciones turísticas,3,2,
155448,Sr. Clara Alva Velasco,,Disfruta de una estadía en el corazón de la ciudad,3,3,3
155464,Raquel Carrera Salcido,+56 9 8489 3025,Perfecto para familias y grupos grandes,4,,4
155469,,+56 9 0568 2948,Disfruta de una estadía en el corazón de la ciudad,2,2,3
155474,,+56 2 3975 1723,Perfecto para familias y grupos grandes,4,4,3
155475,Verónica Porras Calderón,+56 2 9190 5228,Perfecto para familias y grupos grandes,,3,1
155487,Rocio Bustos Bravo,+56 2 2185 3020,,2,,1
155493,Luisa Quiñónez Valentín,+56 9 3899 6214,Ideal para una escapada romántica,,1,2
155494,Sara Barela Saavedra,,,2,2,2
155499,Sr. Salvador Hinojosa Carreón,+56 9 6492 5892,Ideal para una escapada romántica,,5,4
155504,Raquel Sauceda Castro,+56 9 9146 2280,,4,6,4
155506,Reina Ornelas Cuellar,+56 9 3317 1349,,3,3,1
155508,Lucas Fernández Quesada,+56 9 5634 3355,Aventúrate en la naturaleza y descansa en un lugar cómodo,,2,1
155509,Horacio Niño Navarrete,+56 9 9178 5725,Perfecto para familias y grupos grandes,5,3,
155513,Jesús Bonilla Solorzano,,Perfecto para familias y grupos grandes,4,3,2
155516,Gerardo Osorio Garay,+56 2 8499 7194,Perfecto para familias y grupos grandes,,5,3
155519,Beatriz Vásquez Almaraz,+56 9 5274 0886,Relájate en un lugar tranquilo y acogedor,3,3,
155521,Lucas Caballero Salgado,+56 2 2510 0313,Experimenta el lujo y la comodidad en este alojamiento,4,4,
155523,Vicente Jimínez Mayorga,+56 2 6448 5325,Ubicación céntrica con fácil acceso a atracciones turísticas,4,,2
155527,Sr. Rafael Valadez Concepción,+56 9 4267 2801,Descubre la historia de la ciudad desde tu ventana,4,5,
155531,Sra. Emilia Carrera Delarosa,+56 9 6329 1319,,5,,3
155533,,+56 2 0371 7437,Ubicación céntrica con fácil acceso a atracciones turísticas,3,4,1
155540,Lorena Alanis Nevárez,+56 2 2321 2474,,4,4,3
155541,Jorge Otero Mejía,+56 2 8986 7455,Ideal para una escapada romántica,3,,2
155546,,+56 9 5339 7091,Perfecto para familias y grupos grandes,5,2,3
155554,Caridad Montemayor Roybal,+56 2 4366 2236,Ubicación céntrica con fácil acceso a atracciones turísticas,,3,2
155566,Rubén Mercado Caraballo,,Disfruta de una estadía en el corazón de la ciudad,4,5,3
155570,Olivia Armas Echevarría,+56 2 0670 6007,Disfruta de una estadía en el corazón de la ciudad,1,1,
155577,Mariano Suárez Espinal,+56 9 4075 9380,Aventúrate en la naturaleza y descansa en un lugar cómodo,6,6,
155582,Carolina Madera Quiroz,+56 9 1982 1991,Descubre la historia de la ciudad desde tu ventana,4,4,
155583,Miguel Ángel Garza Vera,,Aventúrate en la naturaleza y descansa en un lugar cómodo,2,4,3
155587,Federico Moya Arce,,Ubicación céntrica con fácil acceso a atracciones turísticas,4,3,3
155588,Timoteo Jurado Carrera,+56 9 4055 2592,Perfecto para familias y grupos grandes,,3,2
155596,Marcela Bañuelos Garza,+56 2 3491 9321,Aventúrate en la naturaleza y descansa en un lugar cómodo,3,3,
155598,Sta. Salvador Ceballos Hinojosa,+56 2 6051 2133,,,,3
155601,Marilu Adorno Espinal,+56 2 0418 4957,Ubicación céntrica con fácil acceso a atracciones turísticas,2,2,
155606,Lourdes Guzmán Velázquez,+56 9 5661 7658,,5,5,4
155614,Claudia Guzmán Samaniego,+56 9 6993 1693,Perfecto para familias y grupos grandes,,2,1
155617,Pedro Roque Limón,+56 9 7146 3948,Perfecto para familias y grupos grandes,3,3,
155620,Silvia Cuellar Manzanares,,Ubicación céntrica con fácil acceso a atracciones turísticas,3,2,2
155623,Raúl Regalado Caldera,+56 2 9371 9831,Experimenta el lujo y la comodidad en este alojamiento,3,,1
155625,Raquel Zúñiga Naranjo,+56 9 1726 4707,Ideal para una escapada romántica,4,4,
155628,Pilar Ocampo Rincón,,Ideal para una escapada romántica,5,6,4
155629,Alfonso Marín Dávila,+56 9 0412 8174,Ideal para una escapada romántica,2,,1
155632,Sra. Luis Fajardo Meraz,+56 2 3986 6119,Ubicación céntrica con fácil acceso a atracciones turísticas,4,,4
155636,Sr. Leonor Irizarry Matías,+56 2 3085 5540,Disfruta de una estadía en el corazón de la ciudad,,4,2
155638,Mateo Carrera Gil,,Disfruta de una estadía en el corazón de la ciudad,5,6,3
155639,Lorena Aparicio Hinojosa,+56 9 0540 6514,Ideal para una escapada romántica,4,,4
155645,Emilia Puente Cerda,+56 9 8493 1938,Aventúrate en la naturaleza y descansa en un lugar cómodo,,5,2
155646,Sta. Clemente Rivero Urrutia,+56 2 4777 0949,Disfruta de una estadía en el corazón de la ciudad,6,,
155657,Maricarmen Araña Medina,+56 2 9311 1566,Experimenta el lujo y la comodidad en este alojamiento,4,,2
155658,Rosa Coronado Marroquín,,Experimenta el lujo y la comodidad en este alojamiento,3,2,1
155659,Jacobo Romero Haro,,Ideal para una escapada romántica,5,4,3
155664,Gabriela Espinoza Cazares,+56 2 3526 5364,Perfecto para familias y grupos grandes,,,2
155681,Sta. Daniel Benavides Padrón,+56 2 4775 2478,Ubicación céntrica con fácil acceso a atracciones turísticas,2,,3
155683,,+56 9 7682 5320,Aventúrate en la naturaleza y descansa en un lugar cómodo,5,6,3
155684,,+56 2 4545 9153,Ubicación céntrica con fácil acceso a atracciones turísticas,2,2,2
155685,José María Cedillo Menchaca,,Ideal para una escapada romántica,3,3,2
155686,Manuela Cabán Tamez,+56 9 4858 5769,Ubicación céntrica con fácil acceso a atracciones turísticas,,4,2
155691,Inés Valdez Ponce,+56 9 4659 2771,,4,4,4
155692,,+56 9 4569 5880,Disfruta de una estadía en el corazón de la ciudad,3,3,2
155693,,+56 2 2619 6074,Ideal para una escapada romántica,5,6,3
155696,,+56 9 1649 5523,Perfecto para familias y grupos grandes,3,4,3
155701,Samuel Moya Arriaga,+56 2 9646 0782,Relájate en un lugar tranquilo y acogedor,,5,3
155702,Sra. Óscar Delvalle Cazares,+56 2 8435 5091,Disfruta de una estadía en el corazón de la ciudad,4,,3
155709,Emilio Barragán Olivera,+56 9 6902 6428,,5,1,1
155713,Conchita González Farías,+56 9 4967 3047,Aventúrate en la naturaleza y descansa en un lugar cómodo,4,,4
155716,Gabriel Ferrer Leiva,+56 9 3441 5112,,4,3,3
155718,Julio César Colón Rivero,,Aventúrate en la naturaleza y descansa en un lugar cómodo,3,2,1
155724,Carmen Huerta Roque,,Descubre la historia de la ciudad desde tu ventana,4,,3
155725,Catalina Becerra Montaño,+56 9 7030 2414,Descubre la historia de la ciudad desde tu ventana,5,4,
155728,Mateo Chacón Godínez,+56 9 1178 8130,Perfecto para familias y grupos grandes,,2,2
155731,José Eduardo Cotto Posada,+56 2 7733 3986,Ubicación céntrica con fácil acceso a atracciones turísticas,4,5,
155733,Sra. Ignacio Armijo Huerta,,Ubicación céntrica con fácil acceso a atracciones turísticas,3,3,1
155754,María Cristina Figueroa Solís,+56 9 5857 9629,Disfruta de una estadía en el corazón de la ciudad,2,4,
155767,,+56 2 7893 5378,Perfecto para familias y grupos grandes,3,4,2
155772,Alfredo Tijerina Rosales,+56 2 4812 9990,Experimenta el lujo y la comodidad en este alojamiento,,3,
155773,,+56 9 8213 4218,Ideal para una escapada romántica,2,3,2
155775,Adán Romero Carvajal,+56 9 7862 9576,Ubicación céntrica con fácil acceso a atracciones turísticas,3,,2
155776,,+56 2 4547 5043,Ideal para una escapada romántica,5,3,2
155784,Sr. Emilio Negrón Terrazas,+56 2 4129 9075,,4,,3
155793,Ricardo Caldera Anaya,+56 9 7602 5139,Relájate en un lugar tranquilo y acogedor,5,4,
155798,Rosalia Enríquez Corral,+56 9 0611 2481,Disfruta de una estadía en el corazón de la ciudad,3,3,
155815,Julio César de Anda Loera,+56 9 0311 5250,Disfruta de una estadía en el corazón de la ciudad,5,,2
155817,,+56 9 8661 4767,Perfecto para familias y grupos grandes,5,4,2
155819,Teresa Acuña Chavarría,+56 9 5808 5173,Ubicación céntrica con fácil acceso a atracciones turísticas,6,5,
155820,Daniela Velasco Delacrúz,,Aventúrate en la naturaleza y descansa en un lugar cómodo,3,3,1
155821,,+56 9 6532 2703,Descubre la historia de la ciudad desde tu ventana,6,3,1
155822,Sra. Leticia Santacruz Adame,+56 2 4558 9284,,,5,4
155824,Emilio Esparza Urías,+56 2 2025 1548,,2,2,2
155827,Conchita Lira Barrera,+56 2 8674 0269,Descubre la historia de la ciudad desde tu ventana,,4,4
155829,Felipe Jurado Mejía,+56 9 7517 9134,Descubre la historia de la ciudad desde tu ventana,4,,4
155830,Alberto Otero Mesa,+56 9 1004 1010,Disfruta de una estadía en el corazón de la ciudad,,4,3
155839,Soledad Marrero Llamas,+56 2 3673 8925,Aventúrate en la naturaleza y descansa en un lugar cómodo,,3,3
155841,Agustín Benavídez Borrego,+56 9 6689 4460,Ubicación céntrica con fácil acceso a atracciones turísticas,,3,2
155844,,+56 9 3479 4067,Descubre la historia de la ciudad desde tu ventana,5,3,3
155845,,+56 2 0805 9427,Relájate en un lugar tranquilo y acogedor,5,4,3
155850,José Rolón Sepúlveda,+56 2 5969 6406,Aventúrate en la naturaleza y descansa en un lugar cómodo,,3,2
155852,Sra. Rosario Medina Solorzano,+56 2 8259 8032,,1,6,2
155854,Sra. Mariana Noriega Melgar,+56 9 9184 2273,,3,2,
155855,Sr. Alfonso Valdez Verdugo,,Ubicación céntrica con fácil acceso a atracciones turísticas,5,3,2
155860,Claudio Carrasco Gil,+56 9 0089 5029,Experimenta el lujo y la comodidad en este alojamiento,2,3,
155862,Ariadna Sisneros Zamora,,Perfecto para familias y grupos grandes,5,3,3
155864,María José Rendón Sauceda,,Disfruta de una estadía en el corazón de la ciudad,,3,1
155871,,+56 2 1195 2402,Experimenta el lujo y la comodidad en este alojamiento,6,6,4
155873,Diego Menéndez Segura,,Aventúrate en la naturaleza y descansa en un lugar cómodo,4,6,4
155881,Sr. Mercedes Murillo Delarosa,+56 9 9190 4867,Descubre la historia de la ciudad desde tu ventana,6,,3
155882,Sra. Concepción Atencio Rascón,+56 2 0743 9366,Aventúrate en la naturaleza y descansa en un lugar cómodo,3,2,
155884,Ángela Montañez Manzanares,+56 2 7148 8717,,3,,2
155885,Elisa Armendáriz Galván,+56 2 7220 9711,Aventúrate en la naturaleza y descansa en un lugar cómodo,4,,4
155891,,+56 9 1187 5478,Relájate en un lugar tranquilo y acogedor,4,4,1
155892,Sr. Alfredo Benítez Crespo,+56 2 5973 5598,Relájate en un lugar tranquilo y acogedor,4,,4
155894,,,Aventúrate en la naturaleza y descansa en un lugar cómodo,4,2,3
155900,Ana Luisa Borrego de Jesús,,Experimenta el lujo y la comodidad en este alojamiento,3,3,1
155904,,+56 2 5914 4915,Experimenta el lujo y la comodidad en este alojamiento,1,3,1
155907,Guillermina Nevárez Sisneros,+56 9 6515 4245,Aventúrate en la naturaleza y descansa en un lugar cómodo,2,3,
155915,Victoria Medina Barajas,+56 9 8174 4762,Aventúrate en la naturaleza y descansa en un lugar cómodo,3,,2
155916,Soledad Polanco Riojas,+56 9 6805 7889,Perfecto para familias y grupos grandes,,3,2
155921,Carolina Fuentes Arteaga,+56 9 7973 2783,Descubre la historia de la ciudad desde tu ventana,2,,2
155926,Luz Jaramillo Partida,,Aventúrate en la naturaleza y descansa en un lugar cómodo,2,3,2
155934,,+56 9 3706 5153,Ideal para una escapada romántica,2,2,1
155937,Adán León Merino,,Ubicación céntrica con fácil acceso a atracciones turísticas,3,3,2
155947,,+56 2 8704 0066,Relájate en un lugar tranquilo y acogedor,5,4,3
155949,,+56 9 5115 6810,Aventúrate en la naturaleza y descansa en un lugar cómodo,1,6,4
155953,Alicia Hinojosa Cintrón,+56 9 1834 6004,,4,4,
155954,Gregorio Meléndez Luna,+56 2 0588 3289,Experimenta el lujo y la comodidad en este alojamiento,5,4,
155955,Gonzalo Viera Tejeda,+56 2 3008 6380,,5,4,2
155972,,+56 9 7599 6811,Disfruta de una estadía en el corazón de la ciudad,5,4,2
155974,,+56 9 8068 9204,Ideal para una escapada romántica,6,1,3
155985,Cristian Araña Marrero,,Disfruta de una estadía en el corazón de la ciudad,2,2,2
155987,María Soledad Brito Aponte,+56 9 1484 7508,,6,5,3
155988,,+56 9 5991 3584,Aventúrate en la naturaleza y descansa en un lugar cómodo,5,6,4
155992,Sr. Adán Carreón Sierra,+56 2 8118 1082,Disfruta de una estadía en el corazón de la ciudad,,5,4
155993,Natalia Farías Quesada,,Experimenta el lujo y la comodidad en este alojamiento,6,5,4
155997,Cristobal Urrutia Blanco,+56 2 4560 5736,Perfecto para familias y grupos grandes,4,4,
156000,,+56 9 0438 3347,Ubicación céntrica con fácil acceso a atracciones turísticas,1,3,
156002,Gonzalo Trujillo Espinal,+56 9 1015 9086,,4,,3
156012,Teresa Matos Avilés,+56 2 3454 0292,Disfruta de una estadía en el corazón de la ciudad,4,,1
156016,Jorge Luis Ortiz Benavídez,+56 9 6432 6051,Descubre la historia de la ciudad desde tu ventana,2,,2
156017,Sr. Ricardo Muñiz Briones,+56 2 2420 9975,Aventúrate en la naturaleza y descansa en un lugar cómodo,5,6,
156018,Lilia Pabón Ruiz,,Disfruta de una estadía en el corazón de la ciudad,3,2,1
156020,Blanca Sisneros Nevárez,+56 9 6375 3671,Aventúrate en la naturaleza y descansa en un lugar cómodo,4,5,
156021,José Eduardo Griego Serrato,+56 9 9731 5374,Experimenta el lujo y la comodidad en este alojamiento,,4,3
156027,,+56 2 0446 2522,Disfruta de una estadía en el corazón de la ciudad,3,2,2
156033,Salvador Benítez Carreón,+56 9 9682 6027,Ideal para una escapada romántica,,4,3
156042,Mercedes Urías Corral,+56 9 4488 1700,Aventúrate en la naturaleza y descansa en un lugar cómodo,4,4,
156045,Manuela Valdez Salinas,,Disfruta de una estadía en el corazón de la ciudad,6,2,4
156067,Luisa Tirado Meraz,+56 9 9348 2680,,,4,3
156069,Patricio Colón Adame,,Descubre la historia de la ciudad desde tu ventana,2,3,1
156070,Blanca Arteaga Mondragón,,Relájate en un lugar tranquilo y acogedor,2,,1
156071,Rubén Holguín Frías,+56 9 0718 5781,Descubre la historia de la ciudad desde tu ventana,,5,4
156072,Sr. Sergio Varela Leiva,+56 9 3820 4414,Experimenta el lujo y la comodidad en este alojamiento,4,,3
156075,Marcos Muñoz Palacios,,Disfruta de una estadía en el corazón de la ciudad,4,2,3
156088,,+56 9 7091 4831,Disfruta de una estadía en el corazón de la ciudad,4,1,4
156095,,+56 9 7433 1145,Ubicación céntrica con fácil acceso a atracciones turísticas,5,5,4
156103,,+56 9 6526 5100,Ideal para una escapada romántica,3,3,1
156104,Luisa Alfaro Borrego,+56 2 9022 0763,Experimenta el lujo y la comodidad en este alojamiento,2,,1
156106,Gerardo León Coronado,+56 2 2981 9770,Aventúrate en la naturaleza y descansa en un lugar cómodo,3,,4
