correo,jornada,isapre,contrato
fernando9516886@viajes.cl,Nocturno,Más vida,
daniel9564115@viajes.cl,Nocturno,Colmena,
ana168390@viajes.cl,Nocturno,,Part time
lupeal718@viajes.cl,Nocturno,Consalud,
Sr.batista377@viajes.cl,Diurno,Más vida,
antonio1796431@viajes.cl,Diurno,Colmena,
stlosava427@viajes.cl,Nocturno,Banmédica,
clbaca144@viajes.cl,Diurno,Consalud,
blanca6896603@viajes.cl,Diurno,,Full time
sryocuca420@viajes.cl,Diurno,Más vida,
stmaancaca776@viajes.cl,Nocturno,,Full time
stcrsova938@viajes.cl,Diurno,,Part time
rosa7004561@viajes.cl,Nocturno,,Full time
soarto254@viajes.cl,Nocturno,Más vida,
srbegrqu492@viajes.cl,Nocturno,,Full time
Gloriazamora989@viajes.cl,Diurno,,Part time
maría6189610@viajes.cl,Nocturno,Banmédica,
juan8830456@viajes.cl,Nocturno,,Full time
Horaciotoledo760@viajes.cl,Nocturno,,Full time
Horaciopedroza640@viajes.cl,Diurno,Fonasa,
Sta.toledo438@viajes.cl,Nocturno,Banmédica,
jaarad771@viajes.cl,Diurno,Consalud,
Rebecaaguilera215@viajes.cl,Diurno,,
Leticiapeña778@viajes.cl,Diurno,,Part time
julio5928547@viajes.cl,Nocturno,Más vida,
stelbalu988@viajes.cl,Nocturno,,Part time
Sr.cabrera350@viajes.cl,Nocturno,,Full time
clesro149@viajes.cl,Diurno,,Part time
eloisa888944@viajes.cl,,Fonasa,
Sra.apodaca812@viajes.cl,Diurno,Colmena,
berta893330@viajes.cl,,Banmédica,
lorena822833@viajes.cl,Diurno,,Full time
carmen9488238@viajes.cl,Diurno,,Full time
matepaco678@viajes.cl,Nocturno,,Full time
Raquelholguín560@viajes.cl,Nocturno,,Part time
sta.8744824@viajes.cl,Diurno,,Full time
hernán1890960@viajes.cl,Nocturno,Colmena,
Lourdesarce209@viajes.cl,Diurno,Banmédica,
srloqufe240@viajes.cl,Nocturno,Banmédica,
sra.867154@viajes.cl,Nocturno,Fonasa,
hetémo696@viajes.cl,Nocturno,Más vida,
jalear437@viajes.cl,Diurno,Consalud,
alpago246@viajes.cl,Nocturno,,Full time
igcaal675@viajes.cl,Diurno,Más vida,
rodrigo7922805@viajes.cl,Nocturno,Consalud,
natalia8789422@viajes.cl,Nocturno,,Full time
mabuju896@viajes.cl,Nocturno,,Part time
sr.7274483@viajes.cl,Diurno,Fonasa,
Elvirarazo717@viajes.cl,Nocturno,Más vida,
Bernardomeza483@viajes.cl,Nocturno,,Part time
Sr.tamez864@viajes.cl,Diurno,,Full time
maolce304@viajes.cl,Diurno,,Full time
lemomo979@viajes.cl,Nocturno,Fonasa,
guillermina2190206@viajes.cl,Diurno,,Part time
ramiro4979117@viajes.cl,Nocturno,Banmédica,
luisa8524956@viajes.cl,,Más vida,
Ramónarguello372@viajes.cl,Nocturno,,Part time
Dianafarías798@viajes.cl,Nocturno,,Part time
clmagr532@viajes.cl,Diurno,,Full time
Maríamaestas443@viajes.cl,Diurno,Banmédica,
Andrésvalencia995@viajes.cl,Nocturno,,Part time
Sra.ortega288@viajes.cl,Nocturno,Fonasa,
sra.6979334@viajes.cl,Diurno,Colmena,
mamoca720@viajes.cl,Nocturno,Más vida,
sr.2551129@viajes.cl,Diurno,,Part time
julio3023600@viajes.cl,Diurno,,Part time
Raquelvaldez225@viajes.cl,Nocturno,Colmena,
beatriz1717380@viajes.cl,Diurno,,Full time
mapone321@viajes.cl,Diurno,,Part time
Sr.guerra570@viajes.cl,Diurno,Banmédica,
verónica1107159@viajes.cl,Diurno,,Full time
Joséaguayo991@viajes.cl,Nocturno,Fonasa,
joemvaar283@viajes.cl,Nocturno,,Part time
Rodrigobenavides625@viajes.cl,Nocturno,Banmédica,
sta.4694721@viajes.cl,Nocturno,,Part time
josé5816190@viajes.cl,Diurno,,Part time
srmidume595@viajes.cl,Nocturno,,Full time
Rebecamuñiz897@viajes.cl,Nocturno,Más vida,
césar9364118@viajes.cl,Diurno,,Full time
gustavo1505250@viajes.cl,Nocturno,,Full time
sara3200937@viajes.cl,Nocturno,Banmédica,
nicolás9882982@viajes.cl,Nocturno,Consalud,
evsees400@viajes.cl,Nocturno,,Part time
isabela9934830@viajes.cl,Nocturno,Banmédica,
srsamopa787@viajes.cl,Nocturno,,Part time
junolu567@viajes.cl,Diurno,,Part time
rosario4856527@viajes.cl,Nocturno,,Part time
Sta.bañuelos977@viajes.cl,Nocturno,,Full time
amalia8748810@viajes.cl,,Banmédica,
srjoluledeje909@viajes.cl,Diurno,Banmédica,
gurore913@viajes.cl,Diurno,Banmédica,
nahape767@viajes.cl,Nocturno,Más vida,
Jesúsgalindo553@viajes.cl,Nocturno,,Full time
erloap688@viajes.cl,Nocturno,Colmena,
Sr.barrios319@viajes.cl,Nocturno,,Part time
Sr.barreto199@viajes.cl,Nocturno,Banmédica,
sancho5720769@viajes.cl,,Colmena,
vegáar532@viajes.cl,Nocturno,Fonasa,
sra.4566193@viajes.cl,,Fonasa,
sremleol343@viajes.cl,Nocturno,Banmédica,
magdalena8938940@viajes.cl,Diurno,,Part time
sancho8224934@viajes.cl,Nocturno,Colmena,
Gregoriodelapaz251@viajes.cl,Diurno,,Full time
Pabloperea536@viajes.cl,Diurno,Consalud,
sta.5283346@viajes.cl,Nocturno,,Part time
stcoruna141@viajes.cl,Diurno,,Full time
Amaliacastillo578@viajes.cl,Diurno,,Part time
victoria271239@viajes.cl,Diurno,Colmena,
aramve727@viajes.cl,Nocturno,Consalud,
jomogr523@viajes.cl,Nocturno,Más vida,
carlos4847872@viajes.cl,Diurno,,Part time
racadá463@viajes.cl,Diurno,,Full time
Federicogómez107@viajes.cl,Diurno,Fonasa,
beatriz5951421@viajes.cl,Diurno,,Full time
stnoesab339@viajes.cl,Diurno,,Full time
anita5912868@viajes.cl,Nocturno,Banmédica,
esmoma578@viajes.cl,Diurno,,Part time
mamávi750@viajes.cl,Nocturno,Banmédica,
sta.677667@viajes.cl,Nocturno,Consalud,
Sra.cepeda378@viajes.cl,Diurno,,
Sra.rendón695@viajes.cl,Nocturno,,Full time
Sra.varela141@viajes.cl,Nocturno,,Full time
antrca772@viajes.cl,Diurno,Colmena,
Santiagocarrera200@viajes.cl,Diurno,,Part time
joedjáca167@viajes.cl,Nocturno,Más vida,
lorenzo3928225@viajes.cl,Diurno,,Full time
jojapi659@viajes.cl,Nocturno,,Full time
sta.8698323@viajes.cl,Diurno,,Part time
lorenzo1342343@viajes.cl,Diurno,Colmena,
adán1013962@viajes.cl,Diurno,,Full time
alberto4654677@viajes.cl,Diurno,,Part time
Joséloya848@viajes.cl,Diurno,Consalud,
Luzprado380@viajes.cl,Nocturno,,Part time
sr.8735344@viajes.cl,Nocturno,,Full time
cristobal970714@viajes.cl,Diurno,Consalud,
Alejandromonroy353@viajes.cl,Nocturno,Más vida,
maallo823@viajes.cl,Nocturno,,Part time
josé5173352@viajes.cl,Nocturno,Consalud,
patricia8210365@viajes.cl,Diurno,,Part time
sr.4997964@viajes.cl,Diurno,,Full time
óscar2920749@viajes.cl,Nocturno,,Full time
Concepciónguerra806@viajes.cl,Nocturno,Consalud,
sr.9372673@viajes.cl,Nocturno,,Full time
maangica654@viajes.cl,Nocturno,,Part time
ceorri698@viajes.cl,Diurno,Más vida,
Sra.martínez127@viajes.cl,Nocturno,Más vida,
Ariadnasantillán182@viajes.cl,Nocturno,Banmédica,
irjavá534@viajes.cl,Nocturno,Más vida,
stfetrde316@viajes.cl,Diurno,,Full time
Esperanzazapata304@viajes.cl,Diurno,,Part time
srdiorch725@viajes.cl,Nocturno,,Part time
Isabelvilla789@viajes.cl,Diurno,,Full time
Víctorpaz903@viajes.cl,Nocturno,,Full time
Felipetijerina684@viajes.cl,Nocturno,,Full time
elena8119346@viajes.cl,Diurno,,Part time
Yolandasaldaña566@viajes.cl,Diurno,,
maeutoce309@viajes.cl,Nocturno,,Part time
majude480@viajes.cl,Nocturno,Más vida,
sralbrbu612@viajes.cl,Nocturno,,Full time
Ramirosuárez505@viajes.cl,Diurno,Banmédica,
jecoci520@viajes.cl,Nocturno,,Part time
Adelasegovia884@viajes.cl,Nocturno,Fonasa,
jopadeje955@viajes.cl,Diurno,Fonasa,
Silviafuentes965@viajes.cl,,,Full time
igdedí215@viajes.cl,Nocturno,Más vida,
Ramirobotello942@viajes.cl,Diurno,Banmédica,
Déboradelacrúz982@viajes.cl,Diurno,Fonasa,
alicia8165477@viajes.cl,,Colmena,
guillermo8629804@viajes.cl,Diurno,Colmena,
irene5185859@viajes.cl,Diurno,,Full time
sttoalro914@viajes.cl,Diurno,Consalud,
crcepa655@viajes.cl,Nocturno,Colmena,
móamna527@viajes.cl,Diurno,Colmena,
guillermina8881581@viajes.cl,Nocturno,,Full time
Maricarmenmesa151@viajes.cl,Diurno,,Full time
daniel3780563@viajes.cl,Diurno,,Part time
Lourdesbermúdez148@viajes.cl,Nocturno,Fonasa,
sryooqca978@viajes.cl,Nocturno,Fonasa,
elsa5735817@viajes.cl,Nocturno,,Part time
daniela4323343@viajes.cl,Diurno,Consalud,
Maríavergara975@viajes.cl,Diurno,,Part time
rafael4030256@viajes.cl,Nocturno,,Part time
Sra.cerda537@viajes.cl,Nocturno,,Full time
teodoro9610429@viajes.cl,Nocturno,Consalud,
Sanchobonilla235@viajes.cl,Nocturno,Fonasa,
stlugiqu902@viajes.cl,Nocturno,,Full time
siruco511@viajes.cl,Nocturno,Consalud,
josé8365777@viajes.cl,,,Part time
srsasácu453@viajes.cl,Diurno,Fonasa,
jerónimo1946618@viajes.cl,Diurno,Banmédica,
Alejandroromo265@viajes.cl,Diurno,,Part time
Rebecaabreu983@viajes.cl,Diurno,,Part time
maría9672998@viajes.cl,Diurno,,Part time
rafael9183312@viajes.cl,Nocturno,,Full time
requbu582@viajes.cl,Diurno,,Full time
elena4507491@viajes.cl,Nocturno,Banmédica,
anbuve503@viajes.cl,Nocturno,Colmena,
silvia1946634@viajes.cl,Diurno,,Part time
Ramonariojas144@viajes.cl,Nocturno,Fonasa,
Soledadserrano180@viajes.cl,Diurno,Fonasa,
Estelaornelas266@viajes.cl,Nocturno,Fonasa,
Pedrobermúdez301@viajes.cl,Nocturno,,Part time
roberto9633370@viajes.cl,Nocturno,Más vida,
Sta.negrón956@viajes.cl,Nocturno,,Part time
Alfonsoholguín841@viajes.cl,,,Part time
lamare305@viajes.cl,Diurno,,Full time
Maríarendón820@viajes.cl,Diurno,,Part time
maeurave578@viajes.cl,Diurno,,
Vicenteurrutia979@viajes.cl,Nocturno,Fonasa,
rocare556@viajes.cl,Diurno,,Part time
Soledadnarváez137@viajes.cl,Nocturno,Fonasa,
Santiagolomeli422@viajes.cl,Diurno,Banmédica,
Maríabaca789@viajes.cl,Diurno,Banmédica,
pagaba879@viajes.cl,Nocturno,,
raúl7835998@viajes.cl,Diurno,,Full time
jacobo2653281@viajes.cl,Diurno,Colmena,
grloga806@viajes.cl,Diurno,Más vida,
alapde215@viajes.cl,Diurno,Consalud,
verónica1481805@viajes.cl,Nocturno,Consalud,Full time
marco9528241@viajes.cl,Nocturno,Banmédica,Part time
sryocuca420@viajes.cl,Diurno,Más vida,
srbegrqu492@viajes.cl,Nocturno,,Full time
juan8830456@viajes.cl,Nocturno,,Full time
Sta.bueno636@viajes.cl,Diurno,Más vida,Part time
eloisa2133965@viajes.cl,,Consalud,Full time
Carlosrosales796@viajes.cl,Nocturno,Banmédica,Full time
manuel2609542@viajes.cl,Nocturno,Consalud,Part time
Juliojaimes822@viajes.cl,Diurno,Banmédica,Full time
Guillerminavéliz425@viajes.cl,Diurno,Más vida,Part time
carmen9488238@viajes.cl,Diurno,,Full time
Lourdesjimínez985@viajes.cl,Diurno,Consalud,Full time
sr.6406297@viajes.cl,,Fonasa,Full time
srigmoad631@viajes.cl,Diurno,Colmena,Full time
Luisaraña167@viajes.cl,Nocturno,Fonasa,Part time
toquma393@viajes.cl,Nocturno,Más vida,Full time
rodrigo4810214@viajes.cl,Diurno,Colmena,Part time
Danielavillalpando367@viajes.cl,Diurno,Banmédica,Part time
alfredo5112229@viajes.cl,Diurno,Banmédica,Full time
sr.9387177@viajes.cl,,Fonasa,Full time
sta.7893328@viajes.cl,Diurno,Banmédica,Full time
flgrja317@viajes.cl,Nocturno,Banmédica,Part time
octavio917278@viajes.cl,Diurno,Más vida,Full time
Dianafarías798@viajes.cl,Nocturno,,Part time
clmagr532@viajes.cl,Diurno,,Full time
Sr.guerra570@viajes.cl,Diurno,Banmédica,
andrés6213400@viajes.cl,Diurno,Colmena,Part time
humaca291@viajes.cl,Diurno,Más vida,Full time
Joséaguayo991@viajes.cl,Nocturno,Fonasa,
Alfredobenavídez720@viajes.cl,Diurno,Banmédica,Part time
srsacona119@viajes.cl,Diurno,Colmena,Part time
stjetilo156@viajes.cl,Diurno,Fonasa,Part time
japame454@viajes.cl,Diurno,Fonasa,Part time
Sta.bañuelos977@viajes.cl,Nocturno,,Full time
amalia8748810@viajes.cl,,Banmédica,
Octaviodelafuente305@viajes.cl,,Colmena,Part time
stfrlega769@viajes.cl,Nocturno,Consalud,Part time
streviso334@viajes.cl,Nocturno,Colmena,Full time
Jesúsgalindo553@viajes.cl,Nocturno,,Full time
eszeca999@viajes.cl,Nocturno,Más vida,Part time
Sta.lucero377@viajes.cl,Nocturno,Más vida,Part time
stjopoal797@viajes.cl,Diurno,Colmena,Full time
Andreatrujillo333@viajes.cl,Nocturno,Consalud,Full time
stcoruna141@viajes.cl,Diurno,,Full time
victoria271239@viajes.cl,Diurno,Colmena,
Isabelabarrera904@viajes.cl,Nocturno,Consalud,Full time
sra.7140916@viajes.cl,,Más vida,Full time
Sta.valenzuela184@viajes.cl,Nocturno,Banmédica,Full time
mariano127868@viajes.cl,Nocturno,Más vida,Full time
hugo989362@viajes.cl,Nocturno,Más vida,Full time
Sr.negrete631@viajes.cl,Nocturno,Consalud,Part time
concepción766750@viajes.cl,Diurno,Consalud,Part time
adán1013962@viajes.cl,Diurno,,Full time
jorge8296732@viajes.cl,Diurno,Banmédica,Part time
Salvadorsisneros837@viajes.cl,Nocturno,Fonasa,Full time
dogari515@viajes.cl,Nocturno,Más vida,Part time
emilio6419129@viajes.cl,,Consalud,Part time
cébahu990@viajes.cl,Diurno,Fonasa,Part time
Teodoropáez479@viajes.cl,Nocturno,Banmédica,Part time
esteban6674342@viajes.cl,Diurno,Consalud,Full time
emilia1770851@viajes.cl,,Fonasa,Part time
agvisa375@viajes.cl,Diurno,Consalud,Full time
arpimi555@viajes.cl,Nocturno,Banmédica,Full time
maangica654@viajes.cl,Nocturno,,Part time
geduor743@viajes.cl,Diurno,Colmena,Part time
Ignacioordóñez826@viajes.cl,Nocturno,Más vida,Full time
Yolandasaldaña566@viajes.cl,Diurno,,
sta.5063904@viajes.cl,Diurno,Consalud,Part time
julio8207159@viajes.cl,Nocturno,Consalud,Full time
Sr.valencia152@viajes.cl,Nocturno,Más vida,Part time
cristina3540137@viajes.cl,Diurno,Consalud,Full time
Sta.casares518@viajes.cl,Nocturno,Colmena,Part time
maanvaju254@viajes.cl,Nocturno,Colmena,Full time
Soniaquintana185@viajes.cl,Nocturno,Colmena,Part time
jerónimo5779296@viajes.cl,Diurno,Banmédica,Full time
Alejandromolina571@viajes.cl,Nocturno,Consalud,Full time
Rebecaabreu983@viajes.cl,Diurno,,Part time
Feliperojo857@viajes.cl,Diurno,Consalud,Full time
stelpial415@viajes.cl,Nocturno,Consalud,Full time
silvia1946634@viajes.cl,Diurno,,Part time
Pedrobermúdez301@viajes.cl,Nocturno,,Part time
srmaorga483@viajes.cl,Diurno,Colmena,Part time
gregorio1938243@viajes.cl,Diurno,Consalud,Part time
Sra.reyes599@viajes.cl,Diurno,Fonasa,Full time
stmapubé533@viajes.cl,Nocturno,Colmena,Part time
anmave718@viajes.cl,Diurno,Colmena,Part time
agustín5168816@viajes.cl,Nocturno,Más vida,Full time
Luisabustamante657@viajes.cl,Nocturno,Banmédica,Full time
Danielavillalpando367@viajes.cl,Diurno,Banmédica,Part time
clmagr532@viajes.cl,Diurno,,Full time
Sta.bañuelos977@viajes.cl,Nocturno,,Full time
stcoruna141@viajes.cl,Diurno,,Full time
emilio6419129@viajes.cl,,Consalud,Part time
arpimi555@viajes.cl,Nocturno,Banmédica,Full time
